Dalmia Cement (Bharat) Limited (India),,,,,
,,,,,
Statement type,"Annual, Cons.","Annual, Cons.","Annual, Cons.","Annual, Cons.","Annual, Cons."
Period end date,31-03-2025,31-03-2024,31-03-2023,31-12-2022,31-12-2021
Units,Thousands USD,Thousands USD,Thousands USD,Thousands USD,Thousands USD
,,,,,
,,,,,
Income Statement ,2025,2024,2023,2022,2021
    Exchange rate (IFRS) ,82.79,80.4,74.51,74.2,70.88
    Total operating revenue,"18,06,209.97","16,97,325.51","15,28,880.28","13,81,651.83","13,86,022.51"
    Net sales revenue,"17,73,356.61","16,84,514.09","15,12,372.88","13,60,358.33","13,63,025.60"
        Administrative expenses,"-47,468.27","-49,006.76","-48,045.92","-38,409.17","-47,263.59"
        Changes in inventories of finished goods and work in progress,"-70,417.31","-9,328.70","7,783.98","-9,299.06","-12,979.85"
        Raw materials and consumables used,"-2,56,062.94","-2,37,073.31","-2,05,335.92","-1,98,649.51","-2,33,355.17"
        Employee benefit expense,"-95,178.11","-85,450.87","-87,771.04","-77,761.72","-84,369.04"
        Advertising costs,"-22,345.11","-23,508.32","-19,594.15","-14,824.59","-27,934.90"
        Tax and contributions,"-2,778.04","-2,238.89","-2,415.72","-1,886.77",-423.26
        Other costs by nature,"-2,294.90","-1,990.12","-1,610.48",-673.85,"-1,269.77"
"        Depreciation, amortization and impairment charges","-1,80,331.11","-1,61,697.43","-1,64,939.77","-1,67,248.33","-2,14,449.74"
        Net other operating result,"-9,27,020.30","-9,75,159.90","-8,16,243.84","-6,25,597.72","-6,40,809.68"
            Other operating income,"32,853.36","12,811.41","16,507.40","21,293.50","22,996.91"
            Other operating expenses,"-9,59,873.66","-9,87,971.31","-8,32,751.24","-6,46,891.22","-6,63,806.59"
    Operating profit (EBIT),"1,69,460.52","1,39,059.79","1,74,200.02","2,26,007.62","1,00,170.60"
    EBITDA,"3,49,791.63","3,00,757.22","3,39,139.79","3,93,255.95","3,14,620.34"
    Financial result,"-53,024.35","-37,563.56","-32,209.56","-42,856.54","-57,986.08"
        Finance Expenses,"-53,024.35","-37,563.56","-32,209.56","-42,856.54","-57,986.08"
            Interest expense,"-52,903.57","-36,817.26","-30,330.67","-57,007.29","-50,367.47"
            Foreign exchange loss,0,0,"-1,073.65",0,0
            Other financial expenses,-120.78,-746.3,-805.24,"14,150.75","-7,618.61"
    Extraordinary Non-operating items,0,"-17,911.10","3,757.78","-4,716.92",0
    Profit before income tax,"1,16,436.17","83,585.13","1,45,748.24","1,78,434.16","42,184.52"
    Income tax,"-22,949.04","-28,234.86","-39,993.53","-22,641.19","-14,955.05"
    Profit after income tax,"93,487.13","55,350.27","1,05,754.71","1,55,792.97","27,229.47"
        Profit (Loss) From Discontinued Operations,-120.78,-497.53,939.45,-269.54,0
        Other Extraordinary Items,0,0,-268.41,134.77,0
    Net Profit (Loss) for the Period,"93,366.34","54,852.74","1,06,425.74","1,55,658.20","27,229.47"
         - Profit (loss) attributable to Owners,"90,105.17","1,18,287.89","1,03,473.20","1,53,771.43","25,254.28"
         - Profit (loss) attributable to Minority Interests,"3,261.18","5,472.84","3,891.99","1,617.23","1,975.19"
"    Other comprehensive result for the period, net of tax","1,449.41","-36,568.50","50,730.05","19,002.43",846.51
    Comprehensive income,"94,815.76","87,192.23","1,58,095.24","1,74,391.09","28,075.99"
,,,,,
Balance Sheet ,2025,2024,2023,2022,2021
    Exchange rate (IFRS) ,83.37,82.22,75.81,73.5,75.39
    Total assets,"30,47,836.31","28,56,711.94","28,53,954.31","27,30,029.51","26,02,210.76"
        Non-current assets,"23,09,595.69","21,34,476","21,52,964.56","21,35,917.84","19,74,772.47"
"            Property, plant and equipment","15,07,306.24","13,82,319.21","13,81,400.95","13,52,294.48","11,27,133.85"
                Land and buildings,"4,10,560.14","3,84,714.09","3,68,567.06","3,48,141","3,19,157.83"
                Vehicles and machinery,"18,26,950.64","16,45,768.69","16,17,526.59","15,06,298.24","12,08,979.40"
"                Other property, plant and equipment","45,217.99","35,150.92","27,569.98","58,771.75","45,897.18"
            Construction in progress,"2,74,066.58","2,26,352.49","1,36,530.75","1,18,359.78","2,26,434.92"
            Intangible assets and goodwill,"3,40,394.30","3,85,930.39","4,60,247.13","5,09,219.14","5,43,072.38"
                Goodwill,"63,209.23","88,789.53","1,23,075.54","1,54,683.99","1,78,282.68"
                Trademarks and licenses,"1,54,364.86","1,65,781","1,89,823.91",0,0
                Own developed computer software,"1,559.24","1,216.29","1,451.05","1,224.41","1,193.86"
                Other intangible assets,"1,21,260.97","1,30,143.56","1,45,896.62","3,53,310.74","3,63,595.84"
                Investment properties,"10,075.10","10,460.14","27,438.06","11,291.79","3,050.97"
                Other non-current financial assets,"1,439.30","1,216.29","1,055.31","1,360.46","9,020.25"
            Deferred assets,"4,317.90","2,675.85","2,902.10","20,406.86",0
            Other non-current assets,"1,58,322.93","1,23,697.20","91,020.50","52,513.65","52,795.02"
        Current assets,"7,35,122.14","6,13,985.69","6,80,543.12","5,73,976.90","6,27,172.99"
            Inventories,"1,46,088.88","1,60,064.41","1,24,526.59","1,03,394.75","1,29,201.88"
                Raw materials,"25,067.80","18,244.42","17,016.88","14,692.94","23,213.89"
                Work in progress,"13,193.58","16,541.61","17,016.88","11,835.98","14,989.54"
                Finished goods,"14,392.99","13,135.99","18,599.84","11,972.02","25,203.65"
                Other inventories,"64,048.82","86,721.83","51,050.63","43,806.72","45,631.88"
            Trade and other receivables,"1,00,151.25","85,019.02","88,646.05","69,247.27","88,212.78"
                Other current receivables,"1,03,869.44","88,911.16","92,867.29","77,001.88","97,630.99"
                Doubtful receivables,"3,718.19","3,892.14","4,221.24","7,754.61","9,418.21"
            Short term financial assets,"3,71,099.35","2,83,275.09","3,83,869.06","3,23,108.59","3,35,739.18"
                Other current financial assets,"3,71,099.35","2,83,275.09","3,83,869.06","3,23,108.59","3,35,739.18"
            Cash and Cash Equivalents,"40,540.26","18,609.31","18,336.01","25,712.64","20,162.92"
            Other current assets,"77,242.40","67,017.85","65,165.40","52,513.65","53,856.23"
    Total equity and liabilities,"30,47,836.31","28,56,711.94","28,53,954.31","27,30,029.51","26,02,210.76"
        Total equity,"16,64,429.76","15,91,886.83","16,39,556.19","14,70,110.07","12,43,070.65"
            Equity attributable to owners of the parent,"16,51,235.61","15,77,777.23","16,30,058.40","14,65,484.52","12,39,754.38"
                Issued capital,"16,51,235.61","15,77,777.23","16,30,058.40","14,65,484.52","12,39,754.38"
            Minority interest,"13,193.58","14,109.02","9,497.79","4,625.55","3,316.27"
        Total liabilities,"13,83,406.56","12,64,825.12","12,14,398.12","12,59,919.43","13,59,140.10"
            Non-current liabilities,"8,39,711.23","7,24,303.64","5,35,701.80","5,76,289.68","6,87,263.80"
                Non-current loans and borrowings,"5,80,997.17","4,85,058.42","3,12,767.54","2,84,199.51","4,64,941.06"
                   Non-current trade payables,0,0,0,0,397.95
"                Deferred revenue, accrued expenses and other deferred non-current liabilities","2,15,415.14","2,00,567.04","1,90,615.39","2,46,650.89","1,87,302.93"
                Provisions for other liabilities and charges,"27,106.80","24,447.53","19,523.24","19,998.72","15,785.45"
                Other non-current liabilities,"16,192.12","14,230.65","12,795.64","25,440.55","18,836.41"
            Current liabilities,"5,43,695.33","5,40,521.47","6,78,696.32","6,83,629.75","6,71,876.31"
                Current loans and borrowings,"29,265.75","64,706.89","2,23,461.92","2,52,092.72","1,65,282.90"
                Trade and other payables,"1,58,802.69","1,39,265.77","1,12,654.36","1,23,121.38","1,11,559.32"
                Provisions for other liabilities and charges,"8,995.62","9,487.10","10,421.19","10,883.66","6,897.84"
                Other current liabilities,"3,15,446.44","2,90,937.75","2,96,146.40","2,88,689.02","3,75,667.07"
,,,,,
Cash Flow Statement ,2025,2024,2023,2022,2021
    Exchange rate (IFRS) ,82.79,80.4,74.51,74.2,70.88
    Net cash flow from (used in) operating activities,"3,17,421.41","2,80,358.47","2,72,304.96","4,82,203.50","3,33,384.69"
        Net profit,"1,16,436.17","83,585.13","1,45,748.24","1,78,434.16","42,184.52"
        Cash generated from operations,"3,22,856.71","2,79,363.41","2,58,750.10","4,75,869.35","3,40,297.87"
"            Adjustments for: Depreciation and impairment of property, plant and equipment","1,80,331.11","1,61,697.43","1,64,939.77","1,67,248.33","2,14,449.74"
            Adjustments for: Finance income,"20,895.70","7,836.11","7,515.56","13,476.90","13,262.02"
            Adjustments for: Finance expenses,"53,024.35","37,563.56","31,135.90","44,878.08","50,790.73"
            Adjustments for: Other adjustments,"-27,418.06","-13,184.56","-24,425.58","19,945.81","27,652.73"
            Changes in: Inventories,"11,836.87","-46,145.96","-28,183.36","9,838.14","8,182.95"
            Changes in: Trade and other receivables,"-16,426.68","-3,731.48","-22,412.48","-3,234.46","-20,316.29"
            Changes in: Trade and other payables,"37,805.52","49,379.91","11,273.34","74,122.95","35,271.34"
            Changes in: Provisions and employee benefits,-483.14,"3,109.57",0,"2,964.92","-8,465.12"
            Changes in: Other changes,-603.92,124.38,"-3,086.75","-2,830.15","6,913.18"
        Other operating activity cash flows,"-8,938.05","-6,592.28","-20,265.18","-3,773.53","-2,539.54"
    Net cash flow from (used in) investing activities,"-2,99,545.32","-2,85,209.39","-2,34,324.52","-1,06,467.51","-2,67,638.92"
"        Proceeds from sale of property, plant and equipment","3,40,732.80","3,37,574.49","2,41,705.88","1,39,620.69","1,92,581.51"
        Acquisition of subsidiary,0,0,0,"9,299.06",0
        Interest received,"11,957.66","6,841.05","5,770.88","11,724.90","6,772.10"
        Dividends received,845.49,497.53,805.24,404.31,0
        Other investing activity cash flows,"-56,406.32","43,907.07","-4,026.19","37,061.48","-82,534.93"
    Net cash flow from (used in) financing activities,"4,469.02","6,592.28","-44,422.35","-3,70,884.30","-82,111.68"
        Proceeds from borrowings,"2,78,045.70","2,24,635.05","1,70,576.44","1,87,463.68","1,85,103.98"
        Repayment of borrowings,"2,09,319.37","1,62,568.11","1,52,861.19","5,22,768.97","2,62,842.01"
        Interest paid,"58,822","44,777.75","36,906.78","55,255.29","65,322.52"
        Dividends paid,0,"6,841.05","20,667.80",0,"13,120.94"
        Other financing activity cash flow,0,0,0,"24,797.50","79,572.14"
    Net increase (decrease) in cash and cash equivalents,"22,345.11","1,741.36","-6,710.32","4,851.68","-16,365.90"
    Cash at the beginning of the period,"18,480.01","17,289.19","25,365.03","20,619.66","37,810.87"
    Cash at the end of the period,"40,825.13","19,030.54","18,654.70","25,471.34","21,444.97"
,,,,,
,,,,,
,,,,,
Ambuja Cements Ltd. (India),,,,,
,,,,,
Statement type,"Annual, Cons.","Annual, Cons.","Annual, Cons.","Annual, Cons.","Annual, Cons."
Period end date,31-03-2025,31-03-2024,31-03-2023,31-12-2022,31-12-2021
Units,Thousands USD,Thousands USD,Thousands USD,Thousands USD,Thousands USD
,,,,,
,,,,,
Income Statement ,2025,2024,2023,2022,2021
    Exchange rate (IFRS) ,84.57,82.79,80.4,78.67,73.92
    Total operating revenue,"44,57,740.52","41,46,050.27","48,43,090.59","39,38,534.72","39,65,972.98"
    Net sales revenue,"41,43,887.25","40,05,167.34","48,43,090.59","39,38,534.72","39,18,296.73"
    Cost of goods sold,"-90,299.40","-69,672.07",,,"-41,828.32"
    Gross profit,"40,53,587.84","39,35,495.27",,,"38,76,468.41"
        Administrative expenses,,,"-16,19,963.24","-27,86,971.94",
        Changes in inventories of finished goods and work in progress,"-6,585.10","-2,897.62","14,908.50","51,032.29","71,741.64"
        Raw materials and consumables used,"-16,62,048.94","-15,01,503.53","-5,90,774.01","-4,72,355.99","-13,48,815.53"
        Employee benefit expense,"-1,65,947","-1,63,395.93","-2,30,920.10","-1,86,772.21","-2,06,855.46"
            Wages and salaries,,,"-2,30,920.10","-1,86,772.21",
        Other costs by nature,0,0,"-17,79,207.84","-49,989.91",0
"        Depreciation, amortization and impairment charges","-2,93,052.70","-1,96,078.99","-2,04,568.40","-1,64,282.15","-1,55,902.85"
        Net other operating result,"-12,01,619.65","-13,55,588.73",0,0,"-15,10,789.52"
            Other operating income,"3,13,853.28","1,40,882.93",,,"47,676.25"
            Other operating expenses,"-15,15,472.93","-14,96,471.65",0,0,"-15,58,465.77"
    Operating profit (EBIT),"7,24,334.46","7,16,030.48","6,37,133.90","4,93,476.97","7,25,846.68"
    EBITDA,"10,17,387.16","9,12,109.46","8,41,702.30","6,57,759.12","8,81,749.54"
    Financial result,"-25,533.95","-33,382.39","-24,242.18","-20,035.37","-19,704.13"
        Finance Expenses,"-25,533.95","-33,382.39","-24,242.18","-20,035.37","-19,704.13"
            Interest expense,"-25,533.95","-33,382.39","-24,242.18","-20,035.37","-19,704.13"
    Net - other non-operating result,-975.53,"28,320.32","91,758.32","58,060.75","-13,557.24"
        Other income,"-2,538.73","25,554.36",,,"-16,293.85"
        Other expenses,"1,563.21","2,765.96",,,"2,736.61"
    Profit before income tax,"7,00,293.95","7,12,702.87","5,00,081.65","3,67,220.20","6,98,622.63"
    Income tax,"-90,334.88","-1,40,425.16","-87,703.44","-60,956.54","-1,96,612.45"
    Profit after income tax,"6,09,959.08","5,72,277.71","4,12,378.20","3,06,263.66","5,02,010.18"
        Other Extraordinary Items,,,"-41,500.27","-65,882.44",
    Net Profit (Loss) for the Period,"6,09,959.08","5,72,277.71","3,21,330.11","2,46,416.87","5,02,010.18"
         - Profit (loss) attributable to Owners,"4,92,780.09","4,32,020.45",,,"3,76,115.34"
         - Profit (loss) attributable to Minority Interests,"1,17,178.98","1,40,257.27",,,"1,25,894.84"
"    Other comprehensive result for the period, net of tax","-4,686.07","3,619.91",,,"1,502.90"
    Comprehensive income,"6,05,273","5,75,897.62",,,"5,03,513.09"
         - Comprehensive Income attributable to Owers,"4,90,140.85","4,33,895.02",,,"3,77,251.65"
        -  Comprehensive Profit (loss) attributable to Minority Interests,"1,15,132.15","1,42,002.60",,,"1,26,261.44"
,,,,,
Balance Sheet ,2025,2024,2023,2022,2021
    Exchange rate (IFRS) ,85.58,83.37,82.22,82.79,74.3
    Total assets,"94,58,294.68","78,31,924.62","62,90,855.04","60,43,039.78","60,84,220.58"
        Non-current assets,"71,54,388.69","48,51,116.48","31,97,762.26","31,32,192.32","37,93,258.64"
"            Property, plant and equipment","29,20,918.56","24,14,391.07","18,63,059.78","21,55,632.22","18,46,302.61"
"                Other property, plant and equipment",,,"18,63,059.78","21,55,632.22",
            Construction in progress,"11,47,492.33","3,18,858.78","3,07,220.29",0,"2,95,599.74"
            Intangible assets and goodwill,"21,04,509.86","14,91,090.14","10,01,496.04","9,50,604.09","11,71,982.10"
                Goodwill,"12,68,508.11","9,85,832.50",,,"10,59,142.02"
                Other intangible assets,"8,36,001.75","5,05,257.64",,,"1,12,840.08"
            Non-current trade and other receivables,578.4,"1,388.92",,,"1,555.80"
                Other non-current receivables,578.4,"1,388.92",,,"1,555.80"
            Long-term financial assets,"4,45,312.88","1,50,796.59","25,986.14","25,956.02","1,95,582.92"
                Investments in subsidiaries,"7,056.44","7,467.56",0,0,"22,948.08"
                Other non-current financial assets,"4,38,256.44","1,43,329.03","25,986.14","25,956.02","1,72,634.84"
            Deferred assets,510.62,"4,430.64",0,0,391.64
                Non-current deferred tax assets,510.62,"4,430.64",,,391.64
            Other non-current assets,"5,77,745.87","4,90,916.22",0,0,"3,05,133.74"
        Current assets,"23,03,114.93","29,78,177.82","9,00,871.96","17,21,086.36","22,87,538.10"
            Inventories,"4,96,370.71","4,32,815.31","3,98,067.79","4,04,287.19","3,68,499.04"
                Other inventories,,,"3,98,067.79","4,04,287.19",
            Trade and other receivables,"1,85,823.09","1,45,505.97","1,40,404.22","1,27,007.88","86,919.01"
                Current trade receivables,"1,85,823.09","1,45,505.97","1,40,404.22","1,27,007.88","86,919.01"
                Tax receivables,"1,890.60",0,,,0
"            Prepayments, accrued income and other deferred current assets",899.73,748.44,"2,250.15","2,347.01","1,333.74"
            Short term financial assets,"4,33,552.15","7,76,464.82",,,"63,826.92"
                Other current financial assets,"4,33,552.15","7,76,464.82",,,"63,826.92"
            Cash and Cash Equivalents,"7,21,203.44","13,27,618.12","3,60,149.80","11,87,444.28","15,73,875.71"
                Cash at banks and on hand,"7,21,203.44","13,27,618.12","3,60,149.80","11,87,444.28","15,73,875.71"
            Other current assets,"4,63,375.22","2,95,025.18",,,"1,93,083.68"
        Net current assets,791.06,"2,630.32","21,92,220.82","11,89,761.10","3,423.84"
    Total equity and liabilities,"94,58,294.68","78,31,924.62","62,90,855.04","60,43,039.78","60,84,220.58"
        Total equity,"74,56,225.30","60,98,539.23","47,13,939.59","39,83,560.06","43,73,846.10"
            Equity attributable to owners of the parent,"62,44,727.24","49,72,186.74","38,55,436.05","31,46,269.55","34,12,232.43"
                Issued capital,"57,561.57","52,719.14","48,302.72","47,970.56","53,447.73"
                    Ordinary shares,,,"48,302.72","47,970.56",
                Share premium,0,"3,33,395.70",,,0
                Reserves of a disposal group classified as held for sale,"61,87,165.67","45,86,071.90",,,"33,58,784.70"
                Other reserves,0,0,"31,98,982.20","30,98,298.99",0
                Other components of equity,0,0,"6,08,151.12",0,0
            Minority interest,"12,11,498.06","11,26,352.49","8,58,503.54","8,37,290.51","9,61,613.67"
        Total liabilities,"20,02,069.37","17,33,385.39","15,76,915.45","20,59,479.72","17,10,374.48"
            Non-current liabilities,"3,84,280.93","2,78,627.96","89,347.81","91,218.10","1,99,269.20"
                Non-current loans and borrowings,"1,681.44","2,268.10","4,162.16","4,058.65","5,854.45"
                Other non-current financial liabilities,0,0,,,"48,807.24"
"                Deferred revenue, accrued expenses and other deferred non-current liabilities","2,81,319.31","1,85,801.55","85,185.65","87,159.45","1,01,771.81"
                Provisions for other liabilities and charges,"29,688.69","30,701.45",,,"37,891.05"
                Other non-current liabilities,"18,128.94",0,,,"4,944.65"
            Current liabilities,"16,17,788.44","14,54,757.42","14,87,567.64","19,68,261.62","15,11,105.28"
                Current loans and borrowings,"1,452.42","2,143.36","1,640.78",0,0
                Other current financial liabilities,"5,76,759.67","2,86,602.88",,,"2,79,394.37"
                Trade and other payables,"3,22,436.88","3,72,868.49","3,37,389.27","2,90,285.10","3,92,021.80"
                Provisions for other liabilities and charges,"6,437.15","5,153.89","33,997.88","35,490.21","3,316.17"
                Other current liabilities,"3,57,225.99","4,49,978.95","11,14,539.71","16,42,486.31","5,79,505.40"
                Current income tax liabilities,"3,17,938.24","3,18,437.78",,,"2,56,867.53"
,,,,,
Cash Flow Statement ,2025,2024,2023,2022,2021
    Exchange rate (IFRS) ,84.57,82.79,80.4,78.67,73.92
    Net cash flow from (used in) operating activities,"2,64,556.70","6,81,927","91,411.29",0,"7,18,195.54"
        Cash generated from operations,,,"91,411.29",0,
            Adjustments for: Other adjustments,,,"-3,72,472.52",0,
            Changes in: Other changes,,,"4,63,883.81",0,
    Net cash flow from (used in) investing activities,"-8,90,519.13","-10,81,072.35","-18,01,153.91",0,"-2,71,503.28"
        Other investing activity cash flows,,,"-18,01,153.91",0,
    Net cash flow from (used in) financing activities,"6,61,233.90","6,87,114.69","3,64,566.76",0,"-69,769.33"
        Other financing activity cash flow,,,"3,64,566.76",0,
    Net increase (decrease) in cash and cash equivalents,"35,271.47","2,87,969.34","-13,45,175.86",0,"3,76,986.51"
    Cash at the beginning of the period,"5,60,792.57","74,106.06","14,12,823.85",0,"11,59,516.04"
    Cash at the end of the period,"5,96,064.04","3,62,075.41","67,647.99",0,"15,36,502.55"
    Capital Expenditure (CapEx),"10,15,905.54","4,78,443.93",,,0
,,,,,
,,,,,
JSW Cement Ltd. (India),,,,,
,,,,,
Statement type,"Annual, Cons.","Annual, Cons.","Annual, Cons.","Annual, Cons.","Annual, Cons."
Period end date,31-03-2025,31-03-2024,31-03-2023,31-03-2022,31-03-2021
Units,Thousands USD,Thousands USD,Thousands USD,Thousands USD,Thousands USD
,,,,,
,,,,,
Income Statement ,2025,2024,2023,2022,2021
    Exchange rate (IFRS) ,84.57,82.79,80.4,74.51,74.2
    Total operating revenue,"6,99,382.87","7,38,547.83","7,44,082.95","6,52,710.56","5,28,783.71"
    Net sales revenue,"6,87,369.83","7,28,100.83","7,25,987.14","6,26,552.37","5,19,959.03"
    Cost of goods sold,"-4,427.47","-2,741.20","-55,971.94",,
    Gross profit,"6,82,942.36","7,25,359.62","6,70,015.20",,
        Administrative expenses,,,,"-14,188.31","-12,540.26"
        Changes in inventories of finished goods and work in progress,806.08,"1,666.22",919.31,"-15,829.65","-7,115.80"
        Raw materials and consumables used,"-1,71,725.31","-1,58,099.30","-1,39,850.87","-1,42,021.33","-1,27,552.12"
        Employee benefit expense,"-43,689.49","-36,158.99","-36,646.61","-32,830.93","-27,637.08"
        Advertising costs,,,,"-10,131.25","-7,792.34"
        Tax and contributions,0,0,0,-935.42,-566.03
        Other costs by nature,"-1,00,137.43","-1,19,616.42","-1,28,406.67",-704.58,-657.67
"        Depreciation, amortization and impairment charges","-36,696.80","-33,611.40","-46,419.97","-30,204.51","-24,080.53"
        Net other operating result,"-2,74,567.61","-2,90,722.99","-2,63,655.13","-2,83,968.84","-2,16,933.62"
            Other operating income,"12,013.04","10,447.01","18,095.81","26,158.19","8,824.67"
            Other operating expenses,"-2,86,580.65","-3,01,169.99","-2,81,750.93","-3,10,127.03","-2,25,758.30"
    Operating profit (EBIT),"56,931.81","88,816.76","55,955.27","95,737.54","95,083.58"
    EBITDA,"93,628.61","1,22,428.16","1,02,375.25","1,25,942.05","1,19,164.10"
    Financial result,"-53,228.12","-52,505.58","-38,587.23","-42,324.70","-39,170.61"
        Finance Expenses,"-53,228.12","-52,505.58","-38,587.23","-42,324.70","-39,170.61"
            Interest expense,"-53,228.12","-52,505.58","-38,587.23","-38,840.70","-38,103.24"
            Other financial expenses,,,,"-3,484","-1,067.37"
    Net - other non-operating result,"-11,643.99","-9,907.70","-2,324.46",,
        Other expenses,"-11,643.99","-9,907.70","-2,324.46",,
    Extraordinary Non-operating items,0,0,0,0,"-4,770.82"
    Profit before income tax,"-5,160.59","27,098.95","15,528.43","53,412.84","51,142.14"
    Income tax,"-14,204.37","-19,608.74","-2,587.91","-22,020.60","-17,470.11"
    Profit after income tax,"-19,364.96","7,490.20","12,940.52","31,392.24","33,672.04"
    Net Profit (Loss) for the Period,"-19,364.96","7,490.20","12,940.52","31,392.24","33,672.04"
         - Profit (loss) attributable to Owners,"-13,491.11","10,847.28","17,013.06","32,783.96","34,876.87"
         - Profit (loss) attributable to Minority Interests,"-5,873.85","-3,357.08","-4,072.54","-1,560.82","-1,204.83"
"    Other comprehensive result for the period, net of tax",-124.39,"8,364.32","-1,059.99",0,0
    Comprehensive income,"-19,489.35","15,854.52","11,880.53",0,0
         - Comprehensive Income attributable to Owers,"-13,589.96","19,217.40","15,951.58",,
        -  Comprehensive Profit (loss) attributable to Minority Interests,"-5,899.39","-3,362.88","-4,071.04",,
,,,,,
Balance Sheet ,2025,2024,2023,2022,2021
    Exchange rate (IFRS) ,85.58,83.37,82.22,75.81,73.5
    Total assets,"14,02,634.57","13,57,607.84","12,42,884.61","12,23,171.71","9,44,636.19"
        Non-current assets,"11,21,876.83","10,39,692.52","9,56,184.92","8,60,123.92","7,14,520.30"
"            Property, plant and equipment","6,35,433.52","5,84,143.84","4,24,890.50","5,62,386.64","5,39,783.17"
                Land and buildings,,,,"1,45,544.41","1,23,554"
                Vehicles and machinery,,,,"4,26,912.52","4,41,046.63"
"                Other property, plant and equipment",,,,"92,115.38","52,317.74"
            Construction in progress,"1,19,732.56","88,658.68","1,91,613.65","1,15,067.06","39,332.18"
            Intangible assets and goodwill,"1,58,842.93","1,61,810.95","1,41,909.75","40,836.54","34,940.62"
                Goodwill,"25,348.85","26,020.01","28,367.40","30,766.25","31,331.33"
                Own developed computer software,,,,"2,491.85",157.81
                Other intangible assets,"1,33,494.08","1,35,790.94","1,13,542.35","7,578.45","3,451.48"
            Long-term financial assets,"83,885.17","1,06,290.22","1,02,009.32",0,0
                Investment properties,0,0,0,"63,789.54","48,139.78"
                Investments in subsidiaries,"14,543.70","25,845.02","35,736.81",,
                Other non-current financial assets,"69,341.47","80,445.20","66,272.51","2,638.28",657.1
            Deferred assets,"14,346.11","12,336.23","10,057.30","6,842.37","5,677.19"
                Non-current deferred tax assets,"14,346.11","12,336.23","10,057.30",,
            Other non-current assets,"1,09,636.56","86,452.59","85,704.40","68,042.44","45,300.50"
        Current assets,"2,80,757.73","3,17,915.32","2,86,699.69","3,63,047.79","2,30,115.90"
            Inventories,"50,065.55","57,003.57","54,547.06","60,708.03","47,519.41"
                Raw materials,,,,"11,938.20","7,456.67"
                Work in progress,,,,"2,299.26","2,559.02"
                Finished goods,,,,"7,561.30","9,115.06"
                Other inventories,,,,"9,575.62","9,101.46"
            Trade and other receivables,"91,356.18","93,895.45","86,452.79","1,01,081.56","84,259.92"
                Current trade receivables,"91,356.18","93,895.45","86,452.79",,
                Other current receivables,,,,"1,01,449.60","84,551.06"
                Doubtful receivables,,,,368.04,291.14
"            Prepayments, accrued income and other deferred current assets","34,712.57","27,336.37","28,967.28",,
            Short term financial assets,"24,744.28","64,593","59,743.07","64,046.77","12,805.98"
                Other current financial assets,"24,744.28","64,593","59,743.07","64,046.77","12,805.98"
            Cash and Cash Equivalents,"14,433.28","37,899.15","6,693.76","21,743.35","18,421.95"
                Cash at banks and on hand,"14,433.28","37,899.15","6,693.76",,
            Other current assets,"65,445.88","37,187.78","50,295.74","1,15,468.08","67,108.63"
    Total equity and liabilities,"14,02,634.57","13,57,607.84","12,42,884.61","12,23,171.71","9,44,636.19"
        Total equity,"2,77,204.16","2,86,118.56","2,72,540.44","2,78,604.51","2,47,392.34"
            Equity attributable to owners of the parent,"2,74,890.81","2,95,617.81","2,78,786.96","2,81,062.06","2,48,348.75"
                Issued capital,"1,15,253.08","1,18,304.65","1,19,969.50","2,81,062.06","2,48,348.75"
                Reserves of a disposal group classified as held for sale,"1,50,419.48","1,67,805.87","1,57,711.74",,
                Other reserves,"9,218.24","9,507.29","1,105.73",,
            Minority interest,"2,313.35","-9,499.26","-6,246.53","-2,457.55",-956.4
        Total liabilities,"11,25,430.41","10,71,489.28","9,70,344.17","9,44,567.20","6,97,243.85"
            Non-current liabilities,"6,92,256.96","6,01,247.03","6,33,313.10","6,30,140.18","3,39,266.74"
                Non-current loans and borrowings,"5,85,456.42","4,98,580.73","5,65,040.64","5,34,447.30","2,88,924.38"
                Other non-current financial liabilities,"1,440.15","1,283.97","1,528.15",0,0
"                Deferred revenue, accrued expenses and other deferred non-current liabilities","53,249.30","45,645.34","32,293.97","29,721.49","16,152.71"
                Provisions for other liabilities and charges,"11,047.14","10,438.64","10,380.71","11,798.37","6,705.69"
                Other non-current liabilities,0,0,0,"54,173.03","27,483.96"
            Current liabilities,"4,33,173.45","4,70,242.25","3,37,031.07","3,14,427.01","3,57,977.11"
                Current loans and borrowings,"1,35,091.62","2,01,370.21","94,378.77","75,266.04","89,830.99"
                Other current financial liabilities,"1,31,522.97","1,00,994.32","97,776.86",,
                Trade and other payables,"1,44,609.34","1,46,598.16","1,31,859.87","1,42,836.23","1,24,291.37"
                Provisions for other liabilities and charges,172.12,141.77,17.64,36.94,48.98
                Other current liabilities,"16,112.61","16,297.55","10,353.59","92,673.38","1,43,805.77"
                Current income tax liabilities,459.68,0,0,,
,,,,,
Cash Flow Statement ,2025,2024,2023,2022,2021
    Exchange rate (IFRS) ,84.57,82.79,80.4,74.51,74.2
    Net cash flow from (used in) operating activities,"87,109.49","1,70,028.93","81,241.52","45,496","1,10,294.95"
        Net profit,,,,"53,412.84","51,142.14"
        Cash generated from operations,,,,"54,941.45","1,17,939.05"
"            Adjustments for: Depreciation and impairment of property, plant and equipment",,,,"30,204.51","24,080.53"
            Adjustments for: Finance income,,,,"6,896.87","5,084.83"
            Adjustments for: Finance expenses,,,,"36,600.79","35,822.95"
            Adjustments for: Other adjustments,,,,"-39,101.06","-3,533.64"
            Changes in: Inventories,,,,"-14,887.53","14,807.07"
            Changes in: Trade and other receivables,,,,"-19,804.85","-26,391.81"
            Changes in: Trade and other payables,,,,"23,369.38","17,555.01"
            Changes in: Provisions and employee benefits,,,,955.55,0
            Changes in: Other changes,,,,"3,811.46","5,348.98"
        Other operating activity cash flows,,,,0,"2,935.27"
    Net cash flow from (used in) investing activities,"-65,984.81","-1,35,255.22","-2,23,007.13","-2,05,190.98","-94,590.32"
"        Proceeds from sale of property, plant and equipment",,,,"1,41,516.71","86,913.88"
        Acquisition of subsidiary,,,,0,"14,166.92"
        Interest received,,,,"1,484.32","1,998.62"
        Dividends received,,,,73.81,32.34
        Other investing activity cash flows,,,,"-56,784.11",0
    Net cash flow from (used in) financing activities,"-27,405.18","-26,678.01","1,29,482.45","1,69,085.41","-12,844.83"
        Proceeds from borrowings,,,,"1,03,130.97","69,163.45"
        Repayment of borrowings,,,,"1,09,411.84","37,832.35"
        Interest paid,,,,"36,614.21","38,585.71"
        Other financing activity cash flow,,,,"2,14,730.38",0
    Net increase (decrease) in cash and cash equivalents,"-6,280.49","8,095.70","-14,142.18","9,390.43","2,859.80"
    Cash at the beginning of the period,"13,971.90","6,176.19","20,502.36","15,515.61","15,389.27"
    Cash at the end of the period,"7,691.40","14,271.89","6,360.18","24,906.04","18,249.07"
    Capital Expenditure (CapEx),"1,35,514.02","1,12,595.58","2,03,043.71",,
,,,,,
,,,,,
,,,,,
India Cements Ltd. (India),,,,,
,,,,,
Statement type,"Annual, Cons.","Annual, Cons.","Annual, Cons.","Annual, Cons.","Annual, Cons."
Period end date,31-03-2025,31-03-2024,31-03-2023,31-03-2022,31-03-2021
Units,Thousands USD,Thousands USD,Thousands USD,Thousands USD,Thousands USD
,,,,,
,,,,,
Income Statement ,2025,2024,2023,2022,2021
    Exchange rate (IFRS) ,84.57,82.79,80.4,74.51,74.2
    Total operating revenue,"5,15,232.13","6,25,297.70","7,02,543.74","6,55,294.92","6,13,333.70"
    Net sales revenue,"4,90,574.35","6,17,478.55","6,97,554.92","6,52,022.08","6,07,882.29"
    Cost of goods sold,"-5,942.94","-8,697.09","-13,111.77","-5,053.84",-21.23
    Gross profit,"4,84,631.41","6,08,781.45","6,84,443.15","6,46,968.24","6,07,861.07"
        Changes in inventories of finished goods and work in progress,"-2,855.31","-5,022.58","6,198.67","3,792.78","-10,335.52"
        Raw materials and consumables used,"-98,393.96","-1,17,594.33","-1,31,188.75","-1,11,060.58","-98,649.44"
        Employee benefit expense,"-44,575.64","-46,085.19","-45,454.01","-45,636.73","-45,525.09"
        Other costs by nature,"-2,23,649.46","-2,38,859.53","-3,22,239.55","-2,23,744.15","-1,59,541.60"
"        Depreciation, amortization and impairment charges","-28,312.56","-27,245.06","-27,273.36","-30,267.47","-33,233.66"
        Net other operating result,"-1,35,695.39","-1,81,441.28","-2,04,569.39","-2,02,056.12","-1,82,184.43"
            Other operating income,"24,657.78","7,819.16","4,988.81","3,272.84","5,451.41"
            Other operating expenses,"-1,60,353.17","-1,89,260.44","-2,09,558.21","-2,05,328.96","-1,87,635.84"
    Operating profit (EBIT),"-48,850.92","-7,466.52","-40,083.23","37,995.98","78,391.33"
    EBITDA,"-20,538.35","19,778.54","-12,809.87","68,263.44","1,11,624.99"
    Financial result,"-31,453.61","-29,428.88","-30,061.26","-26,526.77","-36,524.14"
        Finance Expenses,"-31,453.61","-29,428.88","-30,061.26","-26,526.77","-36,524.14"
            Interest expense,"-31,453.61","-29,428.88","-30,061.26","-26,526.77","-36,524.14"
    Net - other non-operating result,"58,682.36","5,084.05","23,156.20",0,0
        Other income,"60,044.56","5,084.05","23,156.20",0,0
        Other expenses,"-1,362.20",0,0,0,0
    Profit before income tax,"-21,622.17","-31,811.35","-46,988.28","11,469.21","41,867.19"
    Income tax,"6,916.80","5,751.04","25,865.69","-2,614.74","9,848.37"
    Profit after income tax,"-14,705.37","-26,060.31","-21,122.59","8,854.46","28,092.11"
        Profit (Loss) From Discontinued Operations,"-2,284.01",0,0,0,0
    Net Profit (Loss) for the Period,"-16,989.38","-26,060.31","-21,122.59","8,854.46","28,092.11"
         - Profit (loss) attributable to Owners,"-16,989.26","-27,458.84",0,"10,530.19","27,865.42"
         - Profit (loss) attributable to Minority Interests,-0.12,77.56,0,"1,171.37",324.2
"    Other comprehensive result for the period, net of tax","5,78,493.90",45.97,197.32,"27,053.88","2,328.42"
    Comprehensive income,"5,61,504.52","-27,335.31","-15,351.78","38,755.44","30,518.04"
         - Comprehensive Income attributable to Owers,"5,61,504.63","-27,412.87","-15,586.19","37,349.84","29,257.76"
        -  Comprehensive Profit (loss) attributable to Minority Interests,-0.12,77.56,234.41,"1,405.60","1,260.28"
,,,,,
Balance Sheet ,2025,2024,2023,2022,2021
    Exchange rate (IFRS) ,85.58,83.37,82.22,75.81,73.5
    Total assets,"16,16,030.94","12,83,451.21","13,94,752.15","15,88,632.96","15,08,740.01"
        Non-current assets,"14,16,161.70","9,49,187.30","9,77,945.22","12,53,369.28","12,58,637.18"
"            Property, plant and equipment","13,52,189.34","8,09,136.42","8,11,452.58","9,02,395.11","9,26,560.76"
            Construction in progress,"20,633.42","22,800.76","38,114.90","50,915.94","40,867.02"
            Intangible assets and goodwill,"7,744.21","15,297.77","15,999.51","34,387.61","34,581.34"
                Goodwill,"5,138.20","8,286.66","8,403.27","26,617.59","24,730.13"
                Other intangible assets,"2,606.01","7,011.11","7,596.24","7,770.02","9,851.21"
            Non-current trade and other receivables,958.63,"14,126.05","16,524.61","1,57,007.27","1,47,413"
                Other non-current receivables,958.63,"14,126.05","16,524.61","1,57,007.27","1,47,413"
            Long-term financial assets,"28,965.34","54,133.73","52,290.19","60,955.48","59,627.33"
                Investments in subsidiaries,"4,830.40",0,0,0,0
                Other non-current financial assets,"24,134.94","54,133.73","52,290.19","60,955.48","59,627.33"
            Other non-current assets,"5,670.76","33,692.57","43,563.43","47,707.87","49,587.73"
        Current assets,"1,86,047.01","3,28,584.69","4,08,632.98","3,29,655.31","2,47,755.07"
            Inventories,"64,990.47","75,624.91","95,438.18","1,11,390.36","81,286.11"
            Trade and other receivables,"77,027.74","83,887.96","1,00,286.97","1,22,829.38","76,722.74"
                Current trade receivables,"77,027.74","83,887.96","1,00,286.97","1,22,829.38","76,722.74"
                Tax receivables,"6,768.94","2,559.30","1,893.58","5,132.70","5,153.74"
"            Prepayments, accrued income and other deferred current assets",0,"95,506.63","1,32,006.46","4,100.67","5,960.15"
            Short term financial assets,"3,870.92","5,164","7,867.32","7,606.65",247.85
                Other current financial assets,"3,870.92","5,164","7,867.32","7,606.65",247.85
            Cash and Cash Equivalents,"12,167.59","10,101.24","7,889.75","6,106.97","5,460.63"
                Cash at banks and on hand,"12,167.59","10,101.24","7,889.75","6,106.97","5,460.63"
            Other current assets,"21,221.36","55,740.65","63,250.72","72,488.58","72,923.85"
        Net current assets,"13,822.22","5,679.22","8,173.95","5,608.38","2,347.77"
    Total equity and liabilities,"16,16,030.94","12,83,451.21","13,94,752.15","15,88,632.96","15,08,740.01"
        Total equity,"11,91,403.70","6,71,588.34","7,08,704.77","7,94,567.37","7,85,294.37"
            Equity attributable to owners of the parent,"11,91,161.99","6,68,640.67","7,02,568.75","7,84,496.28","7,76,368.21"
                Issued capital,"36,210.88","37,169.64","37,692.71","40,879.79","42,160.27"
                Revaluation reserve,0,0,0,"58,460.62",0
                Reserves of a disposal group classified as held for sale,"5,34,568.49","5,78,600.59","6,12,231.18","6,83,740.18","6,94,137.23"
                Other reserves,"6,20,382.62","52,870.43","52,644.86","1,415.70","33,692"
            Minority interest,241.71,"2,947.67","6,136.01","10,071.09","8,926.16"
        Total liabilities,"4,24,627.23","6,11,862.87","6,86,047.38","7,94,065.60","7,23,445.64"
            Non-current liabilities,"2,78,511","2,76,415.01","3,42,255.74","4,33,842.16","3,72,528.55"
                Non-current loans and borrowings,"1,24,601.64","1,69,749.07","2,19,084.12","2,55,732.58","2,71,763.41"
                Other non-current financial liabilities,0,0,0,0,619.38
"                Deferred revenue, accrued expenses and other deferred non-current liabilities","69,315.23","27,724.54","34,524.59","70,019.60","75,552.52"
                Provisions for other liabilities and charges,"15,756.46","18,561.34","21,099.96","24,471.73","13,116.83"
                Other non-current liabilities,"68,338.55","59,762.68","66,938.97","83,176.65","11,476.41"
            Current liabilities,"1,46,116.24","3,35,447.87","3,43,791.64","3,60,223.44","3,50,917.10"
                Current loans and borrowings,"10,837.96","1,43,528.66","1,38,449.82","1,51,298.47","64,246.56"
                Other current financial liabilities,"4,830.35","10,229.76","10,611.35","10,206.46","1,05,617.76"
                Trade and other payables,"1,14,740.31","1,49,274.32","1,62,057.47","1,71,022.90","1,47,104.81"
                Provisions for other liabilities and charges,447.98,"9,463.71","7,086.79","5,757.44",24.41
                Other current liabilities,"14,837.72","22,385.75","24,214.18","21,401.23","33,744.52"
                Current income tax liabilities,214.67,424.25,"1,280.24",320.41,179.04
,,,,,
Cash Flow Statement ,2025,2024,2023,2022,2021
    Exchange rate (IFRS) ,84.57,82.79,80.4,74.51,74.2
    Net cash flow from (used in) operating activities,"-30,296.58","41,538.80","-2,420.20","58,915.49","1,41,015.56"
    Net cash flow from (used in) investing activities,"2,38,217.88","29,943.70","54,087.57","-33,570.01","-25,530.34"
    Net cash flow from (used in) financing activities,"-2,05,566.56","-69,145.21","-49,357.35","-24,519.18","-1,15,892.41"
    Net increase (decrease) in cash and cash equivalents,"2,354.74","2,337.29","2,310.02",826.31,-407.19
    Cash at the beginning of the period,"9,958.39","7,834.93","5,758.32","5,386.81","5,816.58"
    Cash at the end of the period,"12,313.13","10,172.22","8,068.34","6,213.12","5,409.39"
    Capital Expenditure (CapEx),"-33,976.99","10,786.80",0,0,0
,,,,,
,,,,,
,,,,,
UltraTech Cement Ltd. (India),,,,,
,,,,,
Statement type,"Annual, Cons.","Annual, Cons.","Annual, Cons.","Annual, Cons.","Annual, Cons."
Period end date,31-03-2025,31-03-2024,31-03-2023,31-03-2022,31-03-2021
Units,Thousands USD,Thousands USD,Thousands USD,Thousands USD,Thousands USD
,,,,,
,,,,,
Income Statement ,2025,2024,2023,2022,2021
    Exchange rate (IFRS) ,84.57,82.79,80.4,74.51,74.2
    Total operating revenue,"90,69,351.63","86,39,115.34","79,28,530.09","71,27,255.50","61,26,594.89"
    Net sales revenue,"89,81,356.83","85,64,597.40","78,65,955.67","70,59,104.10","60,27,651.53"
    Cost of goods sold,"-2,21,088.45","-2,09,423.25","-1,61,657.63","-1,67,980.89","-1,13,474.15"
    Gross profit,"87,60,268.38","83,55,174.15","77,04,298.04","68,91,123.21","59,14,177.37"
        Changes in inventories of finished goods and work in progress,"-1,450.87","10,067.38","64,456.33","51,422.56","-60,666.27"
        Raw materials and consumables used,"-13,97,865.89","-12,38,331.23","-11,11,171.07","-9,52,394.98","-7,80,807.14"
        Employee benefit expense,"-4,26,226.76","-3,66,892.29","-3,40,680.32","-3,40,170.49","-3,17,114.16"
"        Depreciation, amortization and impairment charges","-4,74,750.01","-3,79,903.18","-3,59,215.82","-3,64,337.06","-3,63,907.31"
        Net other operating result,"-53,61,867.35","-51,19,100.29","-49,33,403.58","-40,36,528.46","-31,00,805.68"
            Other operating income,"87,994.80","74,517.94","62,574.42","68,151.40","98,943.36"
            Other operating expenses,"-54,49,862.15","-51,93,618.23","-49,95,978","-41,04,679.85","-31,99,749.04"
    Operating profit (EBIT),"10,98,107.49","12,61,014.54","10,24,283.58","12,49,114.78","12,90,876.82"
    EBITDA,"15,72,857.50","16,40,917.72","13,83,499.40","16,13,451.84","16,54,784.13"
    Financial result,"-1,95,169.03","-1,16,919.30","-1,02,332.09","-1,26,786.21","-2,00,219.57"
        Finance Expenses,"-1,95,169.03","-1,16,919.30","-1,02,332.09","-1,26,786.21","-2,00,219.57"
            Interest expense,"-1,95,169.03","-1,16,919.30","-1,02,332.09","-1,26,786.21","-2,00,219.57"
    Net - other non-operating result,"-12,770.52","-6,038.01",501.26,228.15,"-34,845.87"
        Other income,"-11,520.66","-8,696.48",0,0,"-35,139.67"
        Other expenses,"-1,249.86","2,658.46",501.26,228.15,293.8
    Extraordinary Non-operating items,0,0,0,"12,414.10",0
    Profit before income tax,"8,90,167.94","11,38,057.22","9,22,452.75","11,22,556.73","10,58,966.32"
    Income tax,"-1,76,007.33","-2,92,088.09","-2,91,409.87","-1,59,713.77","-3,42,138.07"
    Profit after income tax,"7,14,160.61","8,45,969.13","6,31,042.89","9,75,257.06","7,16,828.25"
        Profit (Loss) From Discontinued Operations,0,0,0,"9,048.20","19,259.84"
    Net Profit (Loss) for the Period,"7,14,160.61","8,45,969.13","6,31,042.89","9,84,305.26","7,36,088.09"
         - Profit (loss) attributable to Owners,"7,14,097.94","8,46,094.75","6,29,868.71","9,85,654.03","7,36,256.55"
         - Profit (loss) attributable to Minority Interests,62.67,-125.62,"1,174.17","-1,348.78",-168.46
"    Other comprehensive result for the period, net of tax","79,438.55","4,165.85","-2,016.24","6,419.10","2,237.17"
    Comprehensive income,"7,93,599.16","8,50,134.99","6,29,026.64","9,90,724.35","7,38,325.25"
         - Comprehensive Income attributable to Owers,"7,89,570.53","8,50,097.54","6,27,694.51","9,91,902.69","7,38,567.84"
        -  Comprehensive Profit (loss) attributable to Minority Interests,"4,028.63",37.44,"1,332.14","-1,178.33",-242.58
,,,,,
Balance Sheet ,2025,2024,2023,2022,2021
    Exchange rate (IFRS) ,85.58,83.37,82.22,75.81,73.5
    Total assets,"1,56,22,220.48","1,20,90,355.61","1,11,15,349.76","1,10,58,039.42","1,17,24,897.86"
        Non-current assets,"1,28,48,580.42","93,12,703.38","85,92,401.32","87,50,937.58","84,52,958.79"
"            Property, plant and equipment","88,82,209.22","60,12,204.06","56,53,372.97","56,18,496.16","57,15,551.52"
            Construction in progress,"7,23,085.86","8,13,536.37","4,90,764.06","6,30,185.04","2,28,687.42"
            Intangible assets and goodwill,"21,72,779.37","15,32,845.41","15,93,857.22","17,02,056.93","18,23,739.16"
                Goodwill,"8,97,599.24","7,61,088.30","7,69,824.70","8,24,488.74","8,46,183.99"
                Other intangible assets,"12,75,180.12","7,71,757.11","8,24,032.53","8,77,568.20","9,77,555.18"
            Non-current trade and other receivables,"1,894.10",996.71,"1,121.42","1,265.05","22,738.68"
                Other non-current receivables,"1,894.10",996.71,"1,121.42","1,265.05","22,738.68"
            Long-term financial assets,"6,11,179.53","5,06,319.12","4,06,420.09","3,27,464.05","2,50,163.59"
                Investments in subsidiaries,"35,068.37","1,16,216.23","1,06,548.65","3,979.84","3,918.12"
                Other non-current financial assets,"5,76,111.16","3,90,102.90","2,99,871.44","3,23,484.21","2,46,245.48"
            Deferred assets,"7,605.62",587.71,797.89,"2,156.79",974.09
                Non-current deferred tax assets,"7,605.62",587.71,797.89,"2,156.79",974.09
            Other non-current assets,"4,49,826.71","4,46,213.98","4,46,067.66","4,69,313.56","4,11,104.32"
        Current assets,"27,57,551.29","27,75,865.11","25,20,756.68","23,05,844.70","31,36,355.91"
            Inventories,"11,17,413.36","9,99,082.45","8,04,193.54","7,38,134.03","5,46,627.63"
            Trade and other receivables,"6,88,262.87","5,13,129.41","4,70,343.69","4,05,187.64","3,49,872.87"
                Current trade receivables,"6,88,262.87","5,13,129.41","4,70,343.69","4,05,187.64","3,49,872.87"
                Tax receivables,"6,777.17",8.4,8.51,11.87,13.6
"            Prepayments, accrued income and other deferred current assets","1,168.48","1,068.68",932.9,904.93,"15,597.64"
            Short term financial assets,"4,85,824.02","9,34,962.86","8,84,297.51","9,01,668.84","17,40,503.67"
                Other current financial assets,"4,85,824.02","9,34,962.86","8,84,297.51","9,01,668.84","17,40,503.67"
            Cash and Cash Equivalents,"1,95,523.79","93,939.47","1,39,824.05","47,380.79","2,73,118.59"
                Cash at banks and on hand,"1,95,523.79","93,939.47","1,39,824.05","47,380.79","2,73,118.59"
            Other current assets,"2,62,581.59","2,33,673.85","2,21,156.48","2,12,556.61","2,10,621.91"
        Net current assets,"16,088.78","1,787.13","2,191.76","1,257.14","1,35,583.17"
    Total equity and liabilities,"1,56,22,220.48","1,20,90,355.61","1,11,15,349.76","1,10,58,039.42","1,17,24,897.86"
        Total equity,"86,34,278.01","72,30,490.60","66,14,232.60","66,52,702.72","60,10,554.43"
            Equity attributable to owners of the parent,"82,61,931.92","72,23,781.06","66,07,466.35","66,53,106.37","60,09,776.25"
                Issued capital,"34,432.72","34,625.94","35,113.22","38,079.55","39,269.60"
                Reserves of a disposal group classified as held for sale,"81,95,814.74","71,48,909.91","65,44,497.54","66,08,469.39","59,46,378.94"
                Other reserves,"31,619.02","25,615.93","18,103.33",0,"18,193.39"
                Other components of equity,65.43,"14,629.28","9,752.25","6,557.43","5,934.31"
            Minority interest,"3,72,346.09","6,709.53","6,766.25",-403.66,778.18
        Total liabilities,"69,87,942.47","48,59,865.02","45,01,117.17","44,05,336.70","56,81,153.72"
            Non-current liabilities,"32,06,166.29","16,32,720.79","16,51,120.39","17,46,589.70","29,12,928.02"
                Non-current loans and borrowings,"18,43,948.57","6,36,623.69","6,51,497.44","6,99,538.70","18,43,208.67"
                Other non-current financial liabilities,"33,631.14","28,889.14","38,901.98","40,033.19","1,97,434.99"
"                Deferred revenue, accrued expenses and other deferred non-current liabilities","11,19,336.68","7,73,357.13","7,61,414.02","7,95,867.41","8,21,808.67"
                Provisions for other liabilities and charges,"1,04,238.77","80,429.25","75,922.35","81,501.60","49,723.35"
                Other non-current liabilities,"3,562.69",423.39,459.76,610.76,752.33
            Current liabilities,"37,81,776.18","32,27,144.23","28,49,996.78","26,58,747","27,68,225.71"
                Current loans and borrowings,"8,47,172.40","5,98,581.81","5,52,729.43","6,46,356.34","5,76,171.32"
                Other current financial liabilities,"7,65,624.31","6,38,919.37","5,81,821.99","4,76,017.42","7,58,996.36"
                Trade and other payables,"10,89,895.70","10,16,904.57","8,76,863.52","7,73,387.98","6,39,316.94"
                Provisions for other liabilities and charges,"40,921.27","30,884.97","24,864.72","32,711.98","70,995.46"
                Other current liabilities,"7,81,966.64","6,84,468.40","6,29,724.55","6,45,182.31","6,25,916.44"
                Current income tax liabilities,"2,32,478.09","2,37,900.59","1,66,196.97","69,556.81","96,829.18"
,,,,,
Cash Flow Statement ,2025,2024,2023,2022,2021
    Exchange rate (IFRS) ,84.57,82.79,80.4,74.51,74.2
    Net cash flow from (used in) operating activities,"12,62,085.70","13,16,252.87","11,27,965.21","12,45,871.01","16,85,010.12"
    Net cash flow from (used in) investing activities,"-19,51,577.92","-10,61,467.83","-8,93,946.74","3,02,905.38","-11,93,918.61"
    Net cash flow from (used in) financing activities,"6,00,186.08","-2,32,588.49","-2,02,868.09","-16,77,303.26","-5,87,117.12"
    Net increase (decrease) in cash and cash equivalents,"-10,661.02","22,196.55","31,150.39","-1,28,526.87","-96,025.61"
    Cash at the beginning of the period,"65,458.38","44,734.92","14,993.08","23,782.73","19,842.04"
    Exchange gain (loss) on cash and cash equivalents,448.15,-67.64,-75.87,-63.08,44.47
    Cash at the end of the period,"55,245.51","66,863.83","46,067.60","-1,04,807.21","-76,139.10"
    Capital Expenditure (CapEx),"10,58,372.25","10,73,054.68",0,0,0
