Lupin Ltd. (India),,,,,,
Statement type,"Annual, Cons.","Annual, Cons.","Annual, Cons.","Annual, Cons.","Annual, Cons.",
Period end date,2025-03-31,2024-03-31,2023-03-31,2022-03-31,2021-03-31,
Units,Thousands USD,Thousands USD,Thousands USD,Thousands USD,Thousands USD,
Profitability ,2025 ,2024 ,2023 ,2022 ,2021 ,
    Return on Assets (ROA),11.32%,8.07%,1.95%,-6.92%,5.2%,
    Annualised Return on Assets (ROA),11.32%,8.07%,1.95%,-6.92%,5.2%,
    Return on Equity (ROE),19.12%,13.47%,3.57%,-12.35%,8.86%,
    Annualised Return on Equity (ROE),19.12%,13.47%,3.57%,-12.35%,8.86%,
    Return on Capital Employed,21.29%,17.64%,7.24%,-9.08%,11.97%,
    Gross Profit Margin,88.36%,85.21%,82.34%,79.01%,82.34%,
    EBITDA Margin,24.13%,19.64%,11.25%,2.61%,17.83%,
    Operating Profit Margin (ROS),18.98%,13.66%,5.95%,-7.5%,11.97%,
    Net Profit Margin,14.56%,9.67%,2.69%,-9.2%,8.1%,
    Operating ROA,14.76%,11.39%,4.32%,-5.64%,7.69%,
Efficiency ,2025 ,2024 ,2023 ,2022 ,2021 ,
    Inventory Turnover,0.48x,0.6x,0.65x,0.74x,0.65x,
    Trade Receivable Turnover,4.13x,4.26x,3.71x,3.85x,3.39x,
    Current Asset Turnover,1.35x,1.49x,1.34x,1.32x,1.08x,
    Non-current Asset Turnover,1.83x,1.9x,1.58x,1.75x,1.58x,
    Total Asset Turnover,0.78x,0.83x,0.72x,0.75x,0.64x,
    Working Capital Turnover,2.9x,4.05x,5.22x,3.92x,2.73x,
Valuation Figures ,2025 ,2024 ,2023 ,2022 ,2021 ,
    BookValue (BV),"14,32,387.68","11,96,062.72","9,75,793.01","12,20,122.16","13,67,302.98",
    Enterprise Value,"1,12,72,610.06","91,92,628.24","41,41,839.75","50,82,821.95","68,13,653.92",
    Net Cash,"-10,36,800.71","-10,17,148.41","-11,34,367.19","-11,40,904.09","-10,79,482.20",
    Debt,"6,93,011.21","4,23,362.62","6,26,969.35","6,71,461.89","7,99,186.93",
    Long term Debt,"2,14,955.05","18,876.19","28,467.45","82,502.09","82,652.48",
    Short Term Debt,"4,78,056.15","4,04,486.43","5,98,501.90","5,88,959.79","7,16,534.45",
    Net Debt,"3,21,444.64","2,78,114.54","4,66,126.43","5,24,085.72","5,64,357.33",
    Market Capitalization,"1,09,40,422.81","89,04,469.27","36,65,971.67","45,49,514.90","62,41,888.33",
    Working Capital,"9,26,712.91","5,97,417.78","3,96,274.38","5,61,149.52","7,48,005.71",
    Capital Employed,"23,93,702.80","18,71,636.47","17,02,868 ","18,17,797.32","20,45,032.04",
Liquidity ,2025 ,2024 ,2023 ,2022 ,2021 ,
    Altman Z-Score,4.21,3.60,2.38,2.17,3.51,
    Current Ratio,1.87x,1.58x,1.34x,1.51x,1.66x,
    Quick Ratio,1.26x,1x,0.86x,0.95x,1.17x,
    Doom's Day Ratio,0.35x,0.14x,0.14x,0.13x,0.21x,
    Cash Ratio,0.35x,0.14x,0.14x,0.13x,0.21x,
    Operating Cash Flow Ratio,0.33x,0.43x,0.2x,0.04x,0.22x,
Leverage ,2025 ,2024 ,2023 ,2022 ,2021 ,
    Net Debt/EBITDA ,0.5x,0.59x,2x,9.1x,1.55x,
    Debt to Total Assets Ratio,20.07%,14.61%,21.96%,22.93%,25.12%,
    Debt to Equity Ratio,33.89%,24.39%,40.19%,40.94%,42.79%,
    Long Term Debt to Capital Employed,8.98%,1.01%,1.67%,4.54%,4.04%,
    Debt to EBITDA,1.07x,0.89x,2.69x,11.66x,2.19x,
    Debt to Enterprise Value,6.15%,4.61%,15.14%,13.21%,11.73%,
    Net Cash Flow to Debt,9.55%,-7.08%,5.42%,1.74%,-21.97%,
    Assets to Equity Ratio,168.87%,166.95%,183.02%,178.54%,170.37%,
Growth Trend ,2025 ,2024 ,2023 ,2022 ,2021 ,
    Net Sales Revenue Trend,13.48%,20.25%,1.44%,8.19%,-1.38%,
    Total Operating Revenue Trend,13.77%,20.44%,1.01%,8.16%,-3.53%,
    Gross Profit Trend,17.67%,24.44%,5.72%,3.81%,-4.81%,
    EBITDA Trend,39.39%,110.03%,336.33%,-84.13%,-4.77%,
    Operating Profit Trend,57.65%,175.93%,-180.57%,-167.73%,-2.81%,
    Net Profit Trend,70.82%,332.35%,-129.66%,-222.92%,-555.16%,
    Accounts Receivables Trend,17.16%,4.72%,5.13%,-4.75%,-17.84%,
    Inventory Trend,10.55%,10.29%,-3%,13.17%,18.37%,
"    Net Property, Plant and Equipment (PP&E) Trend",2.52%,14.58%,-12.07%,3.81%,12.83%,
    Total Assets Trend,21.7%,4.54%,5.2%,-7.58%,-5.5%,
    Bookvalue Trend,22.33%,26.22%,-13.71%,-10.39%,21.56%,
    Shareholders' Equity Trend,20.32%,14.6%,2.63%,-11.81%,10.15%,
    Operating Cash Flow Trend,-17.77%,92.3%,416.52%,-79.84%,24.03%,
    Capital Expenditures Trend,80.34%,,,,,
Coverage Ratios ,2025 ,2024 ,2023 ,2022 ,2021 ,
    Interest Coverage Ratio,14.62x,8.77x,3.61x,-8.61x,12.91x,
    Operating Cash Flow to Debt,0.51x,1.04x,0.38x,0.07x,0.31x,
Performance ,2025 ,2024 ,2023 ,2022 ,2021 ,
    Operating Cash Flow to Revenue,13.21%,18.23%,11.4%,2.24%,12.01%,
    Operating Cash Flow to Assets,10.27%,15.2%,8.26%,1.68%,7.72%,
    Operating Cash Flow to Equity,17.35%,25.38%,15.13%,3.01%,13.15%,
    Operating Cash Flow to EBIT,69.61%,133.45%,191.49%,-29.87%,100.33%,
Common-size Ratios ,2025 ,2024 ,2023 ,2022 ,2021 ,
    Cash to Total Assets,10.76%,5.01%,5.63%,5.03%,7.38%,
    Trade Receivables to Total Assets,18.82%,19.55%,19.52%,19.53%,18.95%,
    Inventories to Total Assets,18.75%,20.64%,19.57%,21.22%,17.33%,
    Fixed Assets to Total Assets,16.09%,19.1%,17.43%,20.85%,18.56%,
    Current Liabilities to Total Liabilities,75.24%,88.34%,88.98%,86.22%,86.5%,
    Salaries and Employee Benefits/Net sales,17.46%,17.46%,18.55%,18.22%,18.64%,
    Depreciation and Amortization/Net sales,5.15%,5.98%,5.29%,10.11%,5.85%,
    Interest paid/Net sales,1.3%,1.56%,1.65%,0.87%,0.93%,
    Income tax/Net sales,3.12%,2.43%,1.62%,0.84%,2.96%,
    Operating Cash Flow to Total Cash Flow,535.77%,-1470.82%,694.4%,421.13%,-139.8%,
    Investing Cash Flow to Total Cash Flow,-745.07%,690.26%,-470.96%,1481.58%,95.13%,
    Financing Cash Flow to Total Cash Flow,309.3%,880.55%,-123.44%,-1802.71%,144.68%,
Multiples ,2025 ,2024 ,2023 ,2022 ,2021 ,
    Market Capitalization to Gross Profit,4.61x,4.32x,2.15x,2.62x,3.71x,
    Market Capitalization/EBITDA,16.89,18.76,15.75,79.04,17.13,
    Market Capitalization to EBIT,21.47x,26.97x,29.75x,-27.56x,25.51x,
    Market Capitalization to Total Assets,3.17x,3.07x,1.28x,1.55x,1.96x,
    Market capitalization/shareholders' equity,5.35,5.13,2.35,2.77,3.34,
    Market Capitalization/Book Value,7.64,7.44,3.76,3.73,4.57,
    Market Capitalization to Capital Employed,4.57x,4.76x,2.15x,2.5x,3.05x,
    Market Capitalization to Operating Cashflow,30.84x,20.21x,15.53x,92.29x,25.42x,
    Enterprise value/Net Sales,4.2x,3.8x,2x,2.31x,3.33x,
    Enterprise Value to Gross Profit,4.75x,4.46x,2.43x,2.92x,4.05x,
    Enterprise Value to EBITDA,17.4x,19.36x,17.79x,88.3x,18.7x,
    Enterprise Value to EBIT,22.12x,27.84x,33.61x,-30.8x,27.84x,
    Enterprise Value to Total Assets,3.26x,3.17x,1.45x,1.74x,2.14x,
    Enterprise Value to Capital Employed,4.71x,4.91x,2.43x,2.8x,3.33x,
    Enterprise Value to Operating Cashflow,31.78x,20.86x,17.55x,103.11x,27.75x,
    Earnings per Share (EPS),0.86,0.51,0.12,-0.45,0.36,
    Price to Earnings (P/E),27.98x,38.09x,65.83x,-22.46x,37.72x,
    Market Capitalization/Net Sales (Price Sales Ratio),4.07x,3.68x,1.77x,2.07x,3.05x,
,,,,,,
Cipla Ltd. (India),,,,,,
Statement type,"Annual, Cons.","Annual, Cons.","Annual, Cons.","Annual, Cons.","Annual, Cons.",
Period end date,2025-03-31,2024-03-31,2023-03-31,2022-03-31,2021-03-31,
Units,Thousands USD,Thousands USD,Thousands USD,Thousands USD,Thousands USD,
Profitability ,2025 ,2024 ,2023 ,2022 ,2021 ,
    Return on Assets (ROA),14.09%,12.7%,9.61%,9.4%,9.5%,
    Annualised Return on Assets (ROA),14.09%,12.7%,9.61%,9.4%,9.5%,
    Return on Equity (ROE),16.84%,15.5%,11.95%,12.06%,12.85%,
    Annualised Return on Equity (ROE),16.84%,15.5%,11.95%,12.06%,12.85%,
    Return on Capital Employed,21.57%,21.79%,17.73%,17.04%,16.78%,
    Gross Profit Margin,86.02%,86.28%,87.57%,83.06%,86.13%,
    EBITDA Margin,29%,27.31%,24.18%,22.21%,23.58%,
    Operating Profit Margin (ROS),24.99%,23.23%,19.03%,17.38%,18.01%,
    Net Profit Margin,19.13%,16.12%,12.45%,11.7%,12.47%,
    Operating ROA,18.41%,18.3%,14.7%,13.95%,13.72%,
Efficiency ,2025 ,2024 ,2023 ,2022 ,2021 ,
    Inventory Turnover,0.68x,0.68x,0.55x,0.69x,0.57x,
    Trade Receivable Turnover,5x,5.4x,5.61x,6.36x,5.56x,
    Current Asset Turnover,1.18x,1.33x,1.35x,1.48x,1.45x,
    Non-current Asset Turnover,1.95x,1.94x,1.87x,1.76x,1.6x,
    Total Asset Turnover,0.74x,0.79x,0.77x,0.8x,0.76x,
    Working Capital Turnover,1.55x,1.82x,1.93x,2.22x,2.23x,
Valuation Figures ,2025 ,2024 ,2023 ,2022 ,2021 ,
    BookValue (BV),"30,57,177.45","26,16,463.15","23,46,946.18","21,40,770.59","18,07,565.01",
    Enterprise Value,"1,37,51,858.06","1,45,78,800.46","90,13,407.67","1,09,80,270.71","90,52,649.35",
    Net Cash,"-6,26,459.06","-6,08,816.20","-5,11,053.44","-5,44,196.56","-6,96,036.09",
    Debt,"67,285.27","97,469.39","1,27,939.98","1,73,843.03","3,45,962.82",
    Long term Debt,"13,523.74","8,190.39","14,142.31","69,332.41","2,01,932.49",
    Short Term Debt,"53,761.53","89,279 ","1,13,797.68","1,04,510.62","1,44,030.33",
    Net Debt,"-27,292.26","-8,213.34","-66,671.58","-84,971.49","1,57,120.44",
    Market Capitalization,"1,37,67,822.39","1,45,75,430.58","90,42,048.02","1,10,28,242.82","88,60,615.65",
    Working Capital,"21,00,633.54","17,08,698.31","14,64,206.32","13,14,949.77","11,57,650.92",
    Capital Employed,"37,72,397.54","33,18,195.17","30,38,669.14","29,77,807.05","27,70,951.80",
Liquidity ,2025 ,2024 ,2023 ,2022 ,2021 ,
    Altman Z-Score,9.73,8.76,7.93,6.94,6.09,
    Current Ratio,4.24x,3.7x,3.34x,2.99x,2.87x,
    Quick Ratio,3.21x,2.7x,2.31x,1.91x,1.85x,
    Doom's Day Ratio,0.15x,0.17x,0.31x,0.39x,0.31x,
    Cash Ratio,0.15x,0.17x,0.31x,0.39x,0.31x,
    Operating Cash Flow Ratio,0.91x,0.79x,0.64x,0.68x,0.82x,
Leverage ,2025 ,2024 ,2023 ,2022 ,2021 ,
    Net Debt/EBITDA ,-0.03x,-0.01x,-0.1x,-0.13x,0.26x,
    Debt to Total Assets Ratio,1.52%,2.47%,3.49%,4.78%,10.21%,
    Debt to Equity Ratio,1.82%,3.01%,4.34%,6.13%,13.81%,
    Long Term Debt to Capital Employed,0.36%,0.25%,0.47%,2.33%,7.29%,
    Debt to EBITDA,0.07x,0.11x,0.19x,0.27x,0.57x,
    Debt to Enterprise Value,0.49%,0.67%,1.42%,1.58%,3.82%,
    Net Cash Flow to Debt,3.7%,-6.76%,-10.61%,-11.25%,1.48%,
    Assets to Equity Ratio,119.49%,122.07%,124.25%,128.34%,135.33%,
Growth Trend ,2025 ,2024 ,2023 ,2022 ,2021 ,
    Net Sales Revenue Trend,6.88%,13.28%,4.55%,13.59%,11.84%,
    Total Operating Revenue Trend,7.12%,14.17%,5.37%,13.48%,11.15%,
    Gross Profit Trend,6.56%,11.61%,10.22%,9.54%,8.05%,
    EBITDA Trend,13.53%,27.9%,13.83%,6.98%,27.27%,
    Operating Profit Trend,14.97%,38.25%,14.51%,9.59%,45.26%,
    Net Profit Trend,26.85%,46.62%,11.24%,6.62%,54.4%,
    Accounts Receivables Trend,15.42%,17.59%,18.47%,-0.62%,-11.45%,
    Inventory Trend,7.72%,1.58%,-3.62%,14.59%,6.66%,
"    Net Property, Plant and Equipment (PP&E) Trend",3.7%,1.27%,-5.27%,4.78%,-1.9%,
    Total Assets Trend,14.27%,11.05%,8.72%,7.75%,6.29%,
    Bookvalue Trend,19.35%,14.8%,18.29%,18.93%,24.15%,
    Shareholders' Equity Trend,16.74%,13.03%,12.29%,13.62%,15.75%,
    Operating Cash Flow Trend,21.07%,27.68%,-2.65%,-11.43%,22.38%,
Coverage Ratios ,2025 ,2024 ,2023 ,2022 ,2021 ,
    Interest Coverage Ratio,111x,66.61x,39.53x,35.56x,21.47x,
    Operating Cash Flow to Debt,8.8x,5.12x,3.15x,2.57x,1.46x,
Performance ,2025 ,2024 ,2023 ,2022 ,2021 ,
    Operating Cash Flow to Revenue,18.17%,16.04%,14.23%,15.28%,19.6%,
    Operating Cash Flow to Assets,13.39%,12.64%,10.99%,12.27%,14.93%,
    Operating Cash Flow to Equity,16%,15.42%,13.65%,15.75%,20.2%,
    Operating Cash Flow to EBIT,72.72%,69.05%,74.77%,87.95%,108.82%,
Common-size Ratios ,2025 ,2024 ,2023 ,2022 ,2021 ,
    Cash to Total Assets,2.14%,2.67%,5.31%,7.12%,5.57%,
    Trade Receivables to Total Assets,14.73%,14.58%,13.77%,12.64%,13.7%,
    Inventories to Total Assets,15.09%,16.01%,17.5%,19.74%,18.56%,
    Fixed Assets to Total Assets,12.88%,14.19%,15.56%,17.85%,18.36%,
    Current Liabilities to Total Liabilities,89.93%,88.68%,88.72%,82.11%,69.92%,
    Salaries and Employee Benefits/Net sales,17.54%,16.72%,16.83%,16.22%,16.97%,
    Depreciation and Amortization/Net sales,4.02%,4.08%,5.15%,4.83%,5.57%,
    Interest paid/Net sales,0.23%,0.35%,0.48%,0.49%,0.84%,
    Income tax/Net sales,5.55%,6%,5.29%,4.29%,4.64%,
    Operating Cash Flow to Total Cash Flow,23776.63%,-7578.2%,-2966.24%,-2281.61%,9851%,
    Investing Cash Flow to Total Cash Flow,-17535.11%,5477.6%,2188.28%,1284.13%,-6262.28%,
    Financing Cash Flow to Total Cash Flow,-6141.52%,2200.6%,877.96%,1097.48%,-3488.72%,
Multiples ,2025 ,2024 ,2023 ,2022 ,2021 ,
    Market Capitalization to Gross Profit,4.91x,5.43x,3.65x,4.55x,3.98x,
    Market Capitalization/EBITDA,14.57,17.15,13.21,17 ,14.55,
    Market Capitalization to EBIT,16.92x,20.16x,16.79x,21.73x,19.05x,
    Market Capitalization to Total Assets,3.11x,3.69x,2.47x,3.03x,2.61x,
    Market capitalization/shareholders' equity,3.72,4.50,3.07,3.89,3.54,
    Market Capitalization/Book Value,4.50,5.57,3.85,5.15,4.90,
    Market Capitalization to Capital Employed,3.65x,4.39x,2.98x,3.7x,3.2x,
    Market Capitalization to Operating Cashflow,23.26x,29.19x,22.45x,24.71x,17.51x,
    Enterprise value/Net Sales,4.22x,4.68x,3.18x,3.76x,3.51x,
    Enterprise Value to Gross Profit,4.91x,5.43x,3.64x,4.53x,4.07x,
    Enterprise Value to EBITDA,14.56x,17.15x,13.17x,16.93x,14.87x,
    Enterprise Value to EBIT,16.9x,20.16x,16.73x,21.63x,19.47x,
    Enterprise Value to Total Assets,3.11x,3.69x,2.46x,3.02x,2.67x,
    Enterprise Value to Capital Employed,3.65x,4.39x,2.97x,3.69x,3.27x,
    Enterprise Value to Operating Cashflow,23.24x,29.2x,22.38x,24.6x,17.89x,
    Earnings per Share (EPS),0.77,0.62,0.44,0.42,0.40,
    Price to Earnings (P/E),22.1x,29.05x,25.66x,32.27x,27.53x,
    Market Capitalization/Net Sales (Price Sales Ratio),4.23x,4.68x,3.2x,3.78x,3.43x,
,,,,,,
Zydus Lifesciences Ltd. (India),,,,,,
Statement type,"Annual, Cons.","Annual, Cons.","Annual, Cons.","Annual, Cons.","Annual, Cons.",
Period end date,2025-03-31,2024-03-31,2023-03-31,2022-03-31,2021-03-31,
Units,Thousands USD,Thousands USD,Thousands USD,Thousands USD,Thousands USD,
Profitability ,2025 ,2024 ,2023 ,2022 ,2021 ,
    Return on Assets (ROA),12.4%,13.16%,7.75%,16.45%,8.95%,
    Annualised Return on Assets (ROA),12.4%,13.16%,7.75%,16.45%,8.95%,
    Return on Equity (ROE),17.51%,17.44%,10.14%,24%,14.32%,
    Annualised Return on Equity (ROE),17.51%,17.44%,10.14%,24%,14.32%,
    Return on Capital Employed,22.77%,20.48%,16.43%,14.28%,17.24%,
    Gross Profit Margin,90.75%,90.29%,88.69%,87.79%,91.05%,
    EBITDA Margin,31.53%,29%,23.48%,23.36%,23.83%,
    Operating Profit Margin (ROS),27.59%,25.09%,19.28%,18.69%,19.18%,
    Net Profit Margin,19.86%,19.72%,11.59%,29.95%,14.84%,
    Operating ROA,17.24%,16.75%,12.9%,10.26%,11.57%,
Efficiency ,2025 ,2024 ,2023 ,2022 ,2021 ,
    Inventory Turnover,0.55x,0.55x,0.57x,0.5x,0.4x,
    Trade Receivable Turnover,5.77x,3.74x,3.9x,4.57x,4.61x,
    Current Asset Turnover,1.36x,1.71x,1.72x,1.26x,1.65x,
    Non-current Asset Turnover,1.15x,1.1x,1.1x,0.98x,0.95x,
    Total Asset Turnover,0.62x,0.67x,0.67x,0.55x,0.6x,
    Working Capital Turnover,2.9x,3.22x,3.85x,3.58x,16.85x,
Valuation Figures ,2025 ,2024 ,2023 ,2022 ,2021 ,
    BookValue (BV),"21,15,732.32","17,18,375.55","17,16,157.04","16,87,592.87","11,24,889.92",
    Enterprise Value,"1,12,13,657.33","1,29,59,034.13","67,86,919.95","56,55,274 ","69,91,684.73",
    Net Cash,"-9,32,543.60","-7,33,390.82","-6,82,985.08","-10,22,935.25","-10,87,154.60",
    Debt,"7,40,571.94","3,87,947.43","3,29,427.42","7,37,249.91","7,67,967.69",
    Long term Debt,"1,03,133.78","1,27,330.92","6,393.27","54,622.04","87,397.70",
    Short Term Debt,"6,37,438.16","2,60,616.51","3,23,034.15","6,82,627.87","6,80,569.99",
    Net Debt,"3,90,943.47","2,54,468.58","2,58,143.73","5,88,696.75","6,48,252.39",
    Market Capitalization,"1,05,38,297.82","1,24,30,131.31","62,58,554.93","47,90,890.29","60,82,344.35",
    Working Capital,"9,46,496.58","7,34,381.25","5,57,420.80","5,72,846.96","1,15,187.07",
    Capital Employed,"33,29,806.77","28,91,711.48","25,16,223.49","26,79,915.62","21,59,457.66",
Liquidity ,2025 ,2024 ,2023 ,2022 ,2021 ,
    Altman Z-Score,5.05,5.70,5.23,3.99,2.66,
    Current Ratio,1.89x,2.14x,1.81x,1.55x,1.11x,
    Quick Ratio,1.45x,1.49x,1.19x,1.07x,0.7x,
    Doom's Day Ratio,0.33x,0.21x,0.1x,0.14x,0.11x,
    Cash Ratio,0.33x,0.21x,0.1x,0.14x,0.11x,
    Operating Cash Flow Ratio,0.75x,0.6x,0.49x,0.27x,0.42x,
Leverage ,2025 ,2024 ,2023 ,2022 ,2021 ,
    Net Debt/EBITDA ,0.45x,0.37x,0.51x,1.23x,1.4x,
    Debt to Total Assets Ratio,16.84%,10.97%,10.28%,19.76%,23.86%,
    Debt to Equity Ratio,23.76%,14.53%,13.45%,28.83%,38.17%,
    Long Term Debt to Capital Employed,3.1%,4.4%,0.25%,2.04%,4.05%,
    Debt to EBITDA,0.85x,0.57x,0.65x,1.54x,1.66x,
    Debt to Enterprise Value,6.6%,2.99%,4.85%,13.04%,10.98%,
    Net Cash Flow to Debt,6.95%,-1.61%,-20.4%,43.04%,-1.51%,
    Assets to Equity Ratio,141.14%,132.48%,130.82%,145.88%,159.98%,
Growth Trend ,2025 ,2024 ,2023 ,2022 ,2021 ,
    Net Sales Revenue Trend,18.9%,13.4%,12.92%,5.98%,1.06%,
    Total Operating Revenue Trend,18.55%,13.82%,12.49%,7.2%,0.57%,
    Gross Profit Trend,19.5%,15.45%,14.08%,2.18%,3.27%,
    EBITDA Trend,29.28%,40.08%,13.49%,3.87%,18.48%,
    Operating Profit Trend,30.75%,47.55%,16.53%,3.23%,25.55%,
    Net Profit Trend,19.73%,92.98%,-56.32%,113.89%,81.83%,
    Accounts Receivables Trend,-22.9%,18.19%,32.23%,6.81%,-14.63%,
    Inventory Trend,14.59%,0.84%,-8.23%,14.93%,16.03%,
"    Net Property, Plant and Equipment (PP&E) Trend",4.11%,1.87%,-1.13%,3.81%,1.79%,
    Total Assets Trend,27.05%,13.68%,-7.34%,16.37%,0.84%,
    Bookvalue Trend,25.77%,3.11%,9.72%,50.65%,69.23%,
    Shareholders' Equity Trend,19.26%,12.26%,3.33%,27.62%,27.49%,
    Operating Cash Flow Trend,109.94%,20.05%,27.79%,-36.12%,12.36%,
    Capital Expenditures Trend,-100%,,,,,
Coverage Ratios ,2025 ,2024 ,2023 ,2022 ,2021 ,
    Interest Coverage Ratio,38.65x,60.4x,25.59x,22.46x,17.4x,
    Operating Cash Flow to Debt,1.08x,1.01x,1.02x,0.38x,0.58x,
Performance ,2025 ,2024 ,2023 ,2022 ,2021 ,
    Operating Cash Flow to Revenue,29.16%,16.51%,15.6%,13.78%,22.87%,
    Operating Cash Flow to Assets,18.22%,11.02%,10.44%,7.57%,13.79%,
    Operating Cash Flow to Equity,25.71%,14.6%,13.66%,11.04%,22.06%,
    Operating Cash Flow to EBIT,105.68%,65.82%,80.9%,73.77%,119.21%,
Common-size Ratios ,2025 ,2024 ,2023 ,2022 ,2021 ,
    Cash to Total Assets,7.95%,3.77%,2.23%,3.98%,3.72%,
    Trade Receivables to Total Assets,10.82%,17.83%,17.15%,12.02%,13.09%,
    Inventories to Total Assets,10.6%,11.75%,13.25%,13.38%,13.55%,
    Fixed Assets to Total Assets,16.24%,19.82%,22.12%,20.73%,23.24%,
    Current Liabilities to Total Liabilities,83.38%,74.4%,91.14%,89.66%,87.79%,
    Salaries and Employee Benefits/Net sales,15.84%,16.05%,16.04%,15.95%,15.93%,
    Depreciation and Amortization/Net sales,3.94%,3.91%,4.19%,4.67%,4.65%,
    Interest paid/Net sales,0.71%,0.42%,0.75%,0.83%,1.1%,
    Income tax/Net sales,6.07%,5%,3.41%,3.35%,1.34%,
    Operating Cash Flow to Total Cash Flow,1557.15%,-6243.52%,-497.56%,88.99%,-3816.8%,
    Investing Cash Flow to Total Cash Flow,-1923.78%,2853.38%,-216.73%,48.83%,839.63%,
    Financing Cash Flow to Total Cash Flow,462.82%,3501.74%,814.29%,-36.73%,2952.14%,
Multiples ,2025 ,2024 ,2023 ,2022 ,2021 ,
    Market Capitalization to Gross Profit,4.23x,5.83x,3.29x,2.66x,3.44x,
    Market Capitalization/EBITDA,12.16,18.16,12.43,10.01,13.15,
    Market Capitalization to EBIT,13.9x,20.98x,15.14x,12.52x,16.33x,
    Market Capitalization to Total Assets,2.4x,3.51x,1.95x,1.28x,1.89x,
    Market capitalization/shareholders' equity,3.38,4.66,2.56,1.87,3.02,
    Market Capitalization/Book Value,4.98,7.23,3.65,2.84,5.41,
    Market Capitalization to Capital Employed,3.16x,4.3x,2.49x,1.79x,2.82x,
    Market Capitalization to Operating Cashflow,13.15x,31.88x,18.71x,16.97x,13.7x,
    Enterprise value/Net Sales,4.08x,5.49x,3.17x,2.76x,3.6x,
    Enterprise Value to Gross Profit,4.5x,6.08x,3.57x,3.14x,3.96x,
    Enterprise Value to EBITDA,12.94x,18.93x,13.48x,11.82x,15.11x,
    Enterprise Value to EBIT,14.79x,21.88x,16.42x,14.77x,18.78x,
    Enterprise Value to Total Assets,2.55x,3.66x,2.12x,1.52x,2.17x,
    Enterprise Value to Capital Employed,3.37x,4.48x,2.7x,2.11x,3.24x,
    Enterprise Value to Operating Cashflow,13.99x,33.24x,20.29x,20.03x,15.75x,
    Earnings per Share (EPS),0.54,0.45,0.24,0.60,0.28,
    Price to Earnings (P/E),19.31x,26.7x,25.19x,7.81x,21.11x,
    Market Capitalization/Net Sales (Price Sales Ratio),3.83x,5.26x,2.92x,2.34x,3.13x,
,,,,,,
Sun Pharmaceutical Industries Ltd. (India),,,,,,
Statement type,"Annual, Cons.","Annual, Cons.","Annual, Cons.","Annual, Cons.","Annual, Cons.",
Period end date,2025-03-31,2024-03-31,2023-03-31,2022-03-31,2021-03-31,
Units,Thousands USD,Thousands USD,Thousands USD,Thousands USD,Thousands USD,
Profitability ,2025 ,2024 ,2023 ,2022 ,2021 ,
    Return on Assets (ROA),11.91%,11.29%,10.6%,4.88%,3.38%,
    Annualised Return on Assets (ROA),11.91%,11.29%,10.6%,4.88%,3.38%,
    Return on Equity (ROE),15.13%,14.38%,14.43%,6.67%,4.62%,
    Annualised Return on Equity (ROE),15.13%,14.38%,14.43%,6.67%,4.62%,
    Return on Capital Employed,19.84%,17.26%,16.03%,17.44%,14.07%,
    Gross Profit Margin,92.11%,92.85%,91.86%,91.18%,90.52%,
    EBITDA Margin,32.78%,29.65%,27.98%,29.28%,27.84%,
    Operating Profit Margin (ROS),27.88%,24.37%,22.22%,23.74%,21.63%,
    Net Profit Margin,20.85%,19.89%,19.51%,8.81%,6.82%,
    Operating ROA,15.92%,13.83%,12.08%,13.15%,10.71%,
Efficiency ,2025 ,2024 ,2023 ,2022 ,2021 ,
    Inventory Turnover,0.4x,0.35x,0.34x,0.38x,0.35x,
    Trade Receivable Turnover,4.03x,4.31x,3.84x,3.65x,3.7x,
    Current Asset Turnover,1x,1.12x,1.1x,1.1x,1.1x,
    Non-current Asset Turnover,1.33x,1.16x,1.07x,1.11x,0.9x,
    Total Asset Turnover,0.57x,0.57x,0.54x,0.55x,0.5x,
    Working Capital Turnover,1.53x,1.83x,2.2x,2.17x,2.34x,
Valuation Figures ,2025 ,2024 ,2023 ,2022 ,2021 ,
    BookValue (BV),"64,47,456.18","59,57,846.52","50,37,694.69","51,00,424.87","49,64,568.02",
    Enterprise Value,"4,84,39,246.95","4,66,32,824.44","3,00,03,976.08","2,95,71,430.47","1,98,85,942.54",
    Net Cash,"-9,79,429.15","-9,46,418.27","-19,47,485.12","-18,38,683.87","-15,82,375.44",
    Debt,"5,10,904.77","5,25,700.83","9,69,532.83","3,79,815.09","10,24,239.04",
    Long term Debt,"43,625.52",160.64,471.41,"33,020.16","1,23,678.86",
    Short Term Debt,"4,67,279.25","5,25,540.19","9,69,061.42","3,46,794.93","9,00,560.18",
    Net Debt,"-8,29,008.97","-7,45,033.23","2,51,808.92","-2,95,693.12","1,55,584.08",
    Market Capitalization,"4,92,36,574.39","4,69,62,453.53","2,93,39,205.59","2,94,57,137.54","1,93,23,753.64",
    Working Capital,"40,67,629.50","31,94,667.76","24,82,125.24","23,90,812.04","19,26,718.33",
    Capital Employed,"87,39,100.06","82,71,208.46","75,67,092.79","70,59,169.86","69,43,447.34",
Liquidity ,2025 ,2024 ,2023 ,2022 ,2021 ,
    Altman Z-Score,7.33,6.74,5.31,4.97,4.52,
    Current Ratio,2.89x,2.56x,2x,2.04x,1.89x,
    Quick Ratio,2.33x,1.98x,1.47x,1.51x,1.33x,
    Doom's Day Ratio,0.62x,0.62x,0.29x,0.29x,0.4x,
    Cash Ratio,0.62x,0.62x,0.29x,0.29x,0.4x,
    Operating Cash Flow Ratio,0.77x,0.71x,0.25x,0.52x,0.38x,
Leverage ,2025 ,2024 ,2023 ,2022 ,2021 ,
    Net Debt/EBITDA ,-0.41x,-0.43x,0.16x,-0.19x,0.12x,
    Debt to Total Assets Ratio,4.69%,5.09%,9.65%,4.05%,11.23%,
    Debt to Equity Ratio,5.96%,6.49%,13.14%,5.54%,15.36%,
    Long Term Debt to Capital Employed,0.5%,0%,0.01%,0.47%,1.78%,
    Debt to EBITDA,0.25x,0.3x,0.63x,0.25x,0.81x,
    Debt to Enterprise Value,1.05%,1.13%,3.23%,1.28%,5.15%,
    Net Cash Flow to Debt,19.91%,108.81%,-0.53%,-66.86%,9.55%,
    Assets to Equity Ratio,127.06%,127.36%,136.13%,136.69%,136.76%,
Growth Trend ,2025 ,2024 ,2023 ,2022 ,2021 ,
    Net Sales Revenue Trend,8.42%,10.51%,13.53%,15.39%,2.01%,
    Total Operating Revenue Trend,9.41%,11.97%,12.49%,15.27%,2.57%,
    Gross Profit Trend,7.55%,11.7%,14.38%,16.23%,3.06%,
    EBITDA Trend,19.89%,17.07%,8.5%,21.36%,22.31%,
    Operating Profit Trend,24.03%,21.21%,6.28%,26.61%,30.04%,
    Net Profit Trend,13.64%,12.7%,151.36%,49.07%,-45.43%,
    Accounts Receivables Trend,15.97%,-1.65%,7.98%,16.9%,-3.82%,
    Inventory Trend,3.8%,-6.13%,16.85%,0%,14.25%,
"    Net Property, Plant and Equipment (PP&E) Trend",109.68%,0.64%,-2.75%,3.63%,-3.45%,
    Total Assets Trend,7.77%,5.84%,15.68%,3.15%,-0.86%,
    Bookvalue Trend,10.54%,21.79%,6.57%,3.17%,3.48%,
    Shareholders' Equity Trend,8.02%,13.13%,16.15%,3.21%,0.72%,
    Operating Cash Flow Trend,15.96%,144.69%,-44.8%,45.61%,-5.86%,
    Capital Expenditures Trend,-100%,5.15%,43.93%,,,
Coverage Ratios ,2025 ,2024 ,2023 ,2022 ,2021 ,
    Interest Coverage Ratio,63.37x,49.57x,56.7x,72.05x,51.24x,
    Operating Cash Flow to Debt,3.26x,2.79x,0.64x,3.17x,0.81x,
Performance ,2025 ,2024 ,2023 ,2022 ,2021 ,
    Operating Cash Flow to Revenue,26.76%,25.02%,11.3%,23.24%,18.42%,
    Operating Cash Flow to Assets,15.28%,14.2%,6.14%,12.87%,9.12%,
    Operating Cash Flow to Equity,19.41%,18.08%,8.36%,17.59%,12.47%,
    Operating Cash Flow to EBIT,95.98%,102.66%,50.86%,97.92%,85.14%,
Common-size Ratios ,2025 ,2024 ,2023 ,2022 ,2021 ,
    Cash to Total Assets,12.3%,12.31%,7.15%,7.21%,9.53%,
    Trade Receivables to Total Assets,14.17%,13.16%,14.17%,15.18%,13.39%,
    Inventories to Total Assets,11.12%,11.55%,13.02%,12.89%,13.3%,
    Fixed Assets to Total Assets,22.03%,11.32%,11.91%,14.17%,14.1%,
    Current Liabilities to Total Liabilities,92.76%,92.52%,92.9%,91.82%,88.78%,
    Salaries and Employee Benefits/Net sales,18.97%,19.44%,18.9%,18.89%,20.49%,
    Depreciation and Amortization/Net sales,4.9%,5.27%,5.76%,5.55%,6.21%,
    Interest paid/Net sales,0.44%,0.49%,0.39%,0.33%,0.42%,
    Income tax/Net sales,5.27%,2.97%,1.93%,2.78%,1.54%,
    Operating Cash Flow to Total Cash Flow,1636.08%,256.23%,-11924.33%,-474.82%,849.78%,
    Investing Cash Flow to Total Cash Flow,-616.92%,-14.57%,19099.98%,302.54%,73.85%,
    Financing Cash Flow to Total Cash Flow,-919.16%,-141.69%,-5713.08%,274.47%,-823.63%,
Multiples ,2025 ,2024 ,2023 ,2022 ,2021 ,
    Market Capitalization to Gross Profit,8.6x,8.63x,5.85x,6.23x,4.73x,
    Market Capitalization/EBITDA,24.16,27.04,19.21,19.39,15.37,
    Market Capitalization to EBIT,28.4x,32.89x,24.19x,23.92x,19.79x,
    Market Capitalization to Total Assets,4.52x,4.55x,2.92x,3.14x,2.12x,
    Market capitalization/shareholders' equity,5.74,5.79,3.98,4.30,2.90,
    Market Capitalization/Book Value,7.64,7.88,5.82,5.78,3.89,
    Market Capitalization to Capital Employed,5.63x,5.68x,3.88x,4.17x,2.78x,
    Market Capitalization to Operating Cashflow,29.59x,32.04x,47.56x,24.43x,23.24x,
    Enterprise value/Net Sales,7.79x,7.96x,5.5x,5.7x,4.4x,
    Enterprise Value to Gross Profit,8.46x,8.57x,5.98x,6.25x,4.87x,
    Enterprise Value to EBITDA,23.77x,26.85x,19.64x,19.47x,15.82x,
    Enterprise Value to EBIT,27.94x,32.66x,24.74x,24.01x,20.36x,
    Enterprise Value to Total Assets,4.45x,4.52x,2.99x,3.16x,2.18x,
    Enterprise Value to Capital Employed,5.54x,5.64x,3.97x,4.19x,2.86x,
    Enterprise Value to Operating Cashflow,29.11x,31.82x,48.64x,24.52x,23.91x,
    Earnings per Share (EPS),0.54,0.49,0.44,0.19,0.13,
    Price to Earnings (P/E),37.98x,40.3x,27.55x,64.45x,62.76x,
    Market Capitalization/Net Sales (Price Sales Ratio),7.92x,8.02x,5.37x,5.68x,4.28x,
,,,,,,
Dr. Reddy's Laboratories Ltd. (India),,,,,,
Statement type,"Annual, Cons.","Annual, Cons.","Annual, Cons.","Annual, Cons.","Annual, Cons.",
Period end date,2025-03-31,2024-03-31,2023-03-31,2022-03-31,2021-03-31,
Units,Thousands USD,Thousands USD,Thousands USD,Thousands USD,Thousands USD,
Profitability ,2025 ,2024 ,2023 ,2022 ,2021 ,
    Return on Assets (ROA),11.58%,14.35%,13.96%,7.34%,7.33%,
    Annualised Return on Assets (ROA),11.58%,14.35%,13.96%,7.34%,7.33%,
    Return on Equity (ROE),16.87%,19.74%,19.36%,11.36%,11.06%,
    Annualised Return on Equity (ROE),16.87%,19.74%,19.36%,11.36%,11.06%,
    Return on Capital Employed,21.82%,25.13%,25.95%,15.45%,15.84%,
    Gross Profit Margin,85.17%,84.3%,86.35%,83.83%,86.49%,
    EBITDA Margin,29.54%,31.51%,30.01%,19.74%,21.85%,
    Operating Profit Margin (ROS),24.33%,26.27%,24.95%,14.33%,15.4%,
    Net Profit Margin,17.54%,19.91%,18.27%,10.13%,10.25%,
    Operating ROA,16.07%,18.93%,19.06%,10.38%,11.02%,
Efficiency ,2025 ,2024 ,2023 ,2022 ,2021 ,
    Inventory Turnover,0.68x,0.69x,0.69x,0.68x,0.57x,
    Trade Receivable Turnover,3.61x,3.49x,3.4x,3.23x,3.84x,
    Current Asset Turnover,1.3x,1.13x,1.21x,1.21x,1.31x,
    Non-current Asset Turnover,1.34x,1.99x,2.08x,1.8x,1.58x,
    Total Asset Turnover,0.66x,0.72x,0.76x,0.72x,0.72x,
    Working Capital Turnover,2.72x,1.84x,2.08x,2.69x,2.96x,
Valuation Figures ,2025 ,2024 ,2023 ,2022 ,2021 ,
    BookValue (BV),"27,11,749.06","28,99,985.22","24,46,146.31","21,42,472.33","18,27,063.39",
    Enterprise Value,"1,20,23,937.58","1,28,15,393.84","98,60,995.99","1,00,38,519.06","1,05,23,383.06",
    Net Cash,"-15,41,803.85","-10,72,722.52","-9,04,112.53","-10,89,125.89","-9,29,407.48",
    Debt,"9,81,757.41","6,22,414.11","5,03,774.57","7,54,146.50","6,83,117.13",
    Long term Debt,"47,274.57","45,898.07",0 ,"50,998.46","51,212.22",
    Short Term Debt,"9,34,482.83","5,76,516.04","5,03,774.57","7,03,148.04","6,31,904.91",
    Net Debt,"6,90,849.68","4,13,734.90","2,88,567.72","4,29,474.17","4,02,959.32",
    Market Capitalization,"1,12,88,414.72","1,24,01,658.94","95,72,428.27","96,09,044.89","1,01,20,423.74",
    Working Capital,"14,17,090.26","18,38,012.50","14,74,357.19","10,75,866.29","8,66,753.37",
    Capital Employed,"43,03,286.99","35,36,060.04","29,49,485.54","26,81,593.20","24,94,978.57",
Liquidity ,2025 ,2024 ,2023 ,2022 ,2021 ,
    Altman Z-Score,4.93,6.61,6.38,4.37,4.38,
    Current Ratio,1.92x,2.59x,2.38x,1.82x,1.79x,
    Quick Ratio,1.37x,1.92x,1.82x,1.3x,1.23x,
    Doom's Day Ratio,0.19x,0.18x,0.2x,0.25x,0.26x,
    Cash Ratio,0.19x,0.18x,0.2x,0.25x,0.26x,
    Operating Cash Flow Ratio,0.36x,0.47x,0.69x,0.29x,0.44x,
Leverage ,2025 ,2024 ,2023 ,2022 ,2021 ,
    Net Debt/EBITDA ,0.61x,0.39x,0.31x,0.75x,0.72x,
    Debt to Total Assets Ratio,16.8%,13.26%,12.55%,18.89%,19.04%,
    Debt to Equity Ratio,24.47%,18.24%,17.39%,29.25%,28.73%,
    Long Term Debt to Capital Employed,1.1%,1.3%,0%,1.9%,2.05%,
    Debt to EBITDA,0.86x,0.58x,0.55x,1.32x,1.22x,
    Debt to Enterprise Value,8.17%,4.86%,5.11%,7.51%,6.49%,
    Net Cash Flow to Debt,8.75%,2.69%,-23.11%,-1.25%,25.14%,
    Assets to Equity Ratio,145.68%,137.55%,138.65%,154.83%,150.87%,
Growth Trend ,2025 ,2024 ,2023 ,2022 ,2021 ,
    Net Sales Revenue Trend,16.54%,13.54%,14.5%,13.11%,8.74%,
    Total Operating Revenue Trend,16.73%,12.36%,16.78%,13.91%,6.62%,
    Gross Profit Trend,17.75%,10.84%,17.95%,9.64%,10.04%,
    EBITDA Trend,9.26%,19.22%,74.14%,2.18%,34.63%,
    Operating Profit Trend,7.93%,19.55%,99.37%,5.27%,52.11%,
    Net Profit Trend,2.64%,23.75%,106.52%,11.83%,-3.67%,
    Accounts Receivables Trend,12.61%,10.78%,8.57%,34.49%,-1.27%,
    Inventory Trend,11.85%,30.58%,-4.35%,12.05%,29.5%,
"    Net Property, Plant and Equipment (PP&E) Trend",16.8%,10.51%,15.7%,3.27%,-0.96%,
    Total Assets Trend,27.18%,20.38%,8.53%,11.76%,14.6%,
    Bookvalue Trend,-4.48%,22.08%,23.19%,17.75%,9.09%,
    Shareholders' Equity Trend,20.08%,21.34%,21.2%,8.9%,13.1%,
    Operating Cash Flow Trend,2.19%,-22.83%,109.46%,-21.27%,19.64%,
    Capital Expenditures Trend,27.76%,,,,,
Coverage Ratios ,2025 ,2024 ,2023 ,2022 ,2021 ,
    Interest Coverage Ratio,28.07x,43x,43.1x,32.22x,30.23x,
    Operating Cash Flow to Debt,0.56x,0.88x,1.45x,0.5x,0.7x,
Performance ,2025 ,2024 ,2023 ,2022 ,2021 ,
    Operating Cash Flow to Revenue,14.22%,16.22%,23.87%,13.05%,18.74%,
    Operating Cash Flow to Assets,9.39%,11.69%,18.24%,9.45%,13.41%,
    Operating Cash Flow to Equity,13.68%,16.08%,25.28%,14.63%,20.24%,
    Operating Cash Flow to EBIT,58.47%,61.75%,95.66%,91.06%,121.75%,
Common-size Ratios ,2025 ,2024 ,2023 ,2022 ,2021 ,
    Cash to Total Assets,4.98%,4.45%,5.36%,8.13%,7.81%,
    Trade Receivables to Total Assets,18.29%,20.66%,22.45%,22.44%,18.65%,
    Inventories to Total Assets,14.38%,16.35%,15.08%,17.11%,17.06%,
    Fixed Assets to Total Assets,14.77%,16.08%,17.51%,16.43%,17.78%,
    Current Liabilities to Total Liabilities,84.09%,90.38%,95.26%,92.7%,90.29%,
    Salaries and Employee Benefits/Net sales,17.09%,17.96%,18.84%,18.04%,19.06%,
    Depreciation and Amortization/Net sales,5.22%,5.25%,5.07%,5.41%,6.45%,
    Interest paid/Net sales,0.87%,0.61%,0.58%,0.44%,0.51%,
    Income tax/Net sales,5.99%,5.79%,6.25%,4.08%,4.89%,
    Operating Cash Flow to Total Cash Flow,639.33%,3275.63%,-629.07%,-4009.7%,280.13%,
    Investing Cash Flow to Total Cash Flow,-799.74%,-2904.33%,442.07%,3764.19%,-177.8%,
    Financing Cash Flow to Total Cash Flow,260.41%,-271.3%,287.01%,345.51%,-2.34%,
Multiples ,2025 ,2024 ,2023 ,2022 ,2021 ,
    Market Capitalization to Gross Profit,3.43x,4.35x,3.61x,3.96x,4.56x,
    Market Capitalization/EBITDA,9.90,11.63,10.39,16.84,18.05,
    Market Capitalization to EBIT,12.02x,13.96x,12.51x,23.19x,25.61x,
    Market Capitalization to Total Assets,1.93x,2.64x,2.38x,2.41x,2.82x,
    Market capitalization/shareholders' equity,2.81,3.63,3.31,3.73,4.26,
    Market Capitalization/Book Value,4.16,4.28,3.91,4.49,5.54,
    Market Capitalization to Capital Employed,2.62x,3.51x,3.25x,3.58x,4.06x,
    Market Capitalization to Operating Cashflow,20.56x,22.6x,13.07x,25.47x,21.03x,
    Enterprise value/Net Sales,3.12x,3.79x,3.21x,3.47x,4.1x,
    Enterprise Value to Gross Profit,3.66x,4.49x,3.72x,4.14x,4.74x,
    Enterprise Value to EBITDA,10.54x,12.02x,10.71x,17.59x,18.76x,
    Enterprise Value to EBIT,12.81x,14.42x,12.88x,24.23x,26.63x,
    Enterprise Value to Total Assets,2.06x,2.73x,2.46x,2.51x,2.93x,
    Enterprise Value to Capital Employed,2.79x,3.62x,3.34x,3.74x,4.22x,
    Enterprise Value to Operating Cashflow,21.9x,23.35x,13.47x,26.61x,21.87x,
    Earnings per Share (EPS),0.81,4.04,3.37,1.76,1.58,
    Price to Earnings (P/E),16.67x,18.41x,17.07x,32.81x,38.48x,
    Market Capitalization/Net Sales (Price Sales Ratio),2.92x,3.67x,3.12x,3.32x,3.94x,
